{"base_files_url": "", "db_files": [], "db_id": "arcade_roms_db", "default_options": {"downloader_retries": 6, "downloader_timeout": 900, "url_safe_characters": {"archive.org": "/()%"}}, "files": {"games/mame/1941.zip": {"hash": "3c0808d3e472efc3c8e3bb28691fd5f9", "size": 3042127, "tags": [0, 2], "url": "https://archive.org/download/MAME217RomsOnlyMerged/MAME%200.217%20ROMs%20%28merged%29.zip/1941.zip"}, "games/mame/1942.zip": {"hash": "d3cc2427a1ccb6f221e3371712ad18ff", "size": 428660, "tags": [0, 3], "url": "https://archive.org/download/MAME216RomsOnlyMerged/1942.zip"}, "games/mame/1943.zip": {"hash": "c420fa612d630bdffd806883193454a9", "size": 805560, "tags": [0, 4], "url": "https://archive.org/download/MAME216RomsOnlyMerged/1943.zip"}, "games/mame/1943kai.zip": {"hash": "1b01f752d6c5ff8154b2b541eda1af52", "size": 313346, "tags": [0, 4], "url": "https://archive.org/download/MAME216RomsOnlyMerged/1943kai.zip"}, "games/mame/1943mii.zip": {"hash": "9345430bc2e9f663354746ff063c838c", "size": 313840, "tags": [0, 4], "url": "https://archive.org/download/MAME216RomsOnlyMerged/1943mii.zip"}, "games/mame/1944.zip": {"hash": "3ee05ceedd9a03a22dd66d32129a5022", "size": 16523620, "tags": [0, 5], "url": "https://archive.org/download/mame.0229/1944.zip"}, "games/mame/19xx.zip": {"hash": "f5e196912b9fdb4db96fe69ea1d6cf18", "size": 22052749, "tags": [0, 5], "url": "https://archive.org/download/mame.0229/19xx.zip"}, "games/mame/280zzzap.zip": {"hash": "6fda35567e29e62681add5de4c2d4f5b", "size": 5229, "tags": [0, 6], "url": "https://archive.org/download/MAME217RomsOnlyMerged/MAME%200.217%20ROMs%20%28merged%29.zip/280zzzap.zip"}, "games/mame/3wonders.zip": {"hash": "c4b8b023b941fe367e4c6cb6a32b2e3a", "size": 10156712, "tags": [0, 2], "url": "https://archive.org/download/MAME217RomsOnlyMerged/MAME%200.217%20ROMs%20%28merged%29.zip/3wonders.zip"}, "games/mame/4dwarrio.zip": {"hash": "f6026387472771f53a35d350b4ef9d31", "size": 103754, "tags": [0, 7], "url": "https://archive.org/download/MAME216RomsOnlyMerged/4dwarrio.zip"}, "games/mame/afighter.zip": {"hash": "cba1aae745662bf98a8390b683d96dbd", "size": 1500844, "tags": [0, 8], "url": "https://archive.org/download/MAME217RomsOnlyMerged/MAME%200.217%20ROMs%20%28merged%29.zip/afighter.zip"}, "games/mame/alexkidd.zip": {"hash": "c1b23d063fc36f7d420d88d61ef29a38", "size": 475538, "tags": [0, 10], "url": "https://archive.org/download/MAME217RomsOnlyMerged/MAME%200.217%20ROMs%20%28merged%29.zip/alexkidd.zip"}, "games/mame/alibaba.zip": {"hash": "a72b80d89fe1f993a888e50d584cfd44", "size": 23177, "tags": [0, 11], "url": "https://archive.org/download/MAME220RomsOnlyMerged/alibaba.zip"}, "games/mame/alienar.zip": {"hash": "1f0f1a6ca8bb377d7f86e3dd0c10f68a", "size": 19941, "tags": [0, 12], "url": "https://archive.org/download/MAME218RomsOnlyMerged/MAME%200.218%20ROMs%20%28merged%29.zip/alienar.zip"}, "games/mame/aliensyn.zip": {"hash": "dfc93a94fd8b6a55d217201a90a3b55c", "size": 1285233, "tags": [0, 10], "url": "https://archive.org/download/MAME217RomsOnlyMerged/MAME%200.217%20ROMs%20%28merged%29.zip/aliensyn.zip"}, "games/mame/altbeast.zip": {"hash": "ca129fd32cd09f749e4d9b1e72fbc512", "size": 3064891, "tags": [0, 13], "url": "https://archive.org/download/MAME217RomsOnlyMerged/MAME%200.217%20ROMs%20%28merged%29.zip/altbeast.zip"}, "games/mame/amidar.zip": {"hash": "5b43ab6eb727d154647179d88c2787d4", "size": 110230, "tags": [0, 14], "url": "https://archive.org/download/MAME216RomsOnlyMerged/amidar.zip"}, "games/mame/anteater.zip": {"hash": "5ebfeffed227c82e57d14e49e16bdc9c", "size": 45197, "tags": [0, 14], "url": "https://archive.org/download/MAME216RomsOnlyMerged/anteater.zip"}, "games/mame/arkanoid.zip": {"hash": "2a27bfc2bd8e70274d82cada76a53bb5", "size": 692236, "tags": [0, 16], "url": "https://archive.org/download/MAME218RomsOnlyMerged/MAME%200.218%20ROMs%20%28merged%29.zip/arkanoid.zip"}, "games/mame/armorcar.zip": {"hash": "4938989858b3acf768c751292098bbb1", "size": 28195, "tags": [0, 14], "url": "https://archive.org/download/MAME218RomsOnlyMerged/MAME%200.218%20ROMs%20%28merged%29.zip/armorcar.zip"}, "games/mame/armwar.zip": {"hash": "f476a9e30acdd821b1309ba669939b4d", "size": 23793567, "tags": [0, 5], "url": "https://archive.org/download/mame.0229/armwar.zip"}, "games/mame/astdelux.zip": {"hash": "bb4b405cdeadb78369d44144d54d8a09", "size": 21919, "tags": [0, 17], "url": "https://archive.org/download/MAME218RomsOnlyMerged/MAME%200.218%20ROMs%20%28merged%29.zip/astdelux.zip"}, "games/mame/asteroid.zip": {"hash": "895c28da183ce25c3f1ca95c55291ceb", "size": 53949, "tags": [0, 9], "url": "https://archive.org/download/MAME218RomsOnlyMerged/MAME%200.218%20ROMs%20%28merged%29.zip/asteroid.zip"}, "games/mame/atetris.zip": {"hash": "7d3662f2009220260825a949788fbe74", "size": 297368, "tags": [0, 112], "url": "https://archive.org/download/MAME218RomsOnlyMerged/MAME%200.218%20ROMs%20%28merged%29.zip/atetris.zip"}, "games/mame/atlantis.zip": {"hash": "af8a406af01e94f229eb087aa5070f03", "size": 29110, "tags": [0, 14], "url": "https://archive.org/download/MAME217RomsOnlyMerged/MAME%200.217%20ROMs%20%28merged%29.zip/atlantis.zip"}, "games/mame/attackfc.zip": {"hash": "065a7b23910ec17a180fdeb75a953d5d", "size": 5552, "tags": [0, 6], "url": "https://archive.org/download/MAME217RomsOnlyMerged/MAME%200.217%20ROMs%20%28merged%29.zip/attackfc.zip"}, "games/mame/aurail.zip": {"hash": "83880a266743c020d91b565d18024741", "size": 1814567, "tags": [0, 8], "url": "https://archive.org/download/MAME217RomsOnlyMerged/MAME%200.217%20ROMs%20%28merged%29.zip/aurail.zip"}, "games/mame/avsp.zip": {"hash": "d653f588335359f64ca6d4db844b9a5f", "size": 13378352, "tags": [0, 5], "url": "https://archive.org/download/mame.0229/avsp.zip"}, "games/mame/azurian.zip": {"hash": "ad7b957d75ebf418e6d5a2c9a08ca37e", "size": 11252, "tags": [0, 18], "url": "https://archive.org/download/MAME220RomsOnlyMerged/azurian.zip"}, "games/mame/baddudes.zip": {"hash": "c74acf9f0d36f19db5f85ccc22ed2f92", "size": 991918, "tags": [0, 21], "url": "https://archive.org/download/MAME217RomsOnlyMerged/MAME%200.217%20ROMs%20%28merged%29.zip/baddudes.zip"}, "games/mame/bagman.zip": {"hash": "e12931955a50dfeeb454c9197b1cb558", "size": 146643, "tags": [0, 22], "url": "https://archive.org/download/MAME218RomsOnlyMerged/MAME%200.218%20ROMs%20%28merged%29.zip/bagman.zip"}, "games/mame/ballbomb.zip": {"hash": "bd95aa39956fa02fdd5ecbd68f0437c2", "size": 6936, "tags": [0, 6], "url": "https://archive.org/download/MAME219RomsOnlyMerged/MAME%200.219%20ROMs%20%28merged%29.zip/ballbomb.zip"}, "games/mame/batcir.zip": {"hash": "1b26bb9479c416bc17827bb861a026c0", "size": 13986953, "tags": [0, 5], "url": "https://archive.org/download/mame.0229/batcir.zip"}, "games/mame/battroad.zip": {"hash": "f2cddb64b2a991af538da95109b32147", "size": 70832, "tags": [0, 80], "url": "https://archive.org/download/MAME221RomsOnlyMerged/battroad.zip"}, "games/mame/berzerk.zip": {"hash": "770814e0aa5ca71061f73c3908b5506f", "size": 59032, "tags": [0, 24], "url": "https://archive.org/download/MAME218RomsOnlyMerged/MAME%200.218%20ROMs%20%28merged%29.zip/berzerk.zip"}, "games/mame/bilyard.zip": {"hash": "a2e8eb105b4c876535bc3915a21dc25a", "size": 11902, "tags": [0, 27], "url": "https://archive.org/download/mame.0229/bilyard.zip"}, "games/mame/bionicc.zip": {"hash": "d105d78fc89f56ba5cbb9fad97be1b32", "size": 1154892, "tags": [0, 28], "url": "https://archive.org/download/MAME216RomsOnlyMerged/bionicc.zip"}, "games/mame/birdiy.zip": {"hash": "142e5b1014d2fd3767066e0b99154a1b", "size": 18617, "tags": [0, 11], "url": "https://archive.org/download/MAME220RomsOnlyMerged/birdiy.zip"}, "games/mame/blkhole.zip": {"hash": "1239158727cfbbb4deabaa9326f72c9b", "size": 10362, "tags": [0, 18], "url": "https://archive.org/download/MAME220RomsOnlyMerged/blkhole.zip"}, "games/mame/blktiger.zip": {"hash": "d7db5d7340e2c66739c14ae04670b4ce", "size": 1227726, "tags": [0, 29], "url": "https://archive.org/download/MAME216RomsOnlyMerged/blktiger.zip"}, "games/mame/blockgal.zip": {"hash": "688720b5ee698d34c6b05cfab7d40448", "size": 102494, "tags": [0, 7], "url": "https://archive.org/download/MAME217RomsOnlyMerged/MAME%200.217%20ROMs%20%28merged%29.zip/blockgal.zip"}, "games/mame/blueshrk.zip": {"hash": "af3c80ce9b49559cb8096af71701c496", "size": 8321, "tags": [0, 6], "url": "https://archive.org/download/MAME217RomsOnlyMerged/MAME%200.217%20ROMs%20%28merged%29.zip/blueshrk.zip"}, "games/mame/bodyslam.zip": {"hash": "c4fd17526804dbf0d230c7d1728c6bdd", "size": 633116, "tags": [0, 10], "url": "https://archive.org/download/MAME217RomsOnlyMerged/MAME%200.217%20ROMs%20%28merged%29.zip/bodyslam.zip"}, "games/mame/bombjack.zip": {"hash": "ed2df2f740865a3d3b8929548526a9c9", "size": 87346, "tags": [0, 32], "url": "https://archive.org/download/MAME218RomsOnlyMerged/MAME%200.218%20ROMs%20%28merged%29.zip/bombjack.zip"}, "games/mame/boothill.zip": {"hash": "d1de980cd040a04cedfb7ff67a765d97", "size": 6091, "tags": [0, 6], "url": "https://archive.org/download/MAME217RomsOnlyMerged/MAME%200.217%20ROMs%20%28merged%29.zip/boothill.zip"}, "games/mame/botanic.zip": {"hash": "06cd560e8c105bb58b0246bf98bd26c7", "size": 44934, "tags": [0, 22], "url": "https://archive.org/download/MAME220RomsOnlyMerged/botanic.zip"}, "games/mame/brubber.zip": {"hash": "f99d5e161e565a6fc4c6cd92c84ebbcc", "size": 67703, "tags": [0, 34], "url": "https://archive.org/download/MAME218RomsOnlyMerged/MAME%200.218%20ROMs%20%28merged%29.zip/brubber.zip"}, "games/mame/btime.zip": {"hash": "99723a27193ec8ca3c69dfcd40005889", "size": 77335, "tags": [0, 35], "url": "https://archive.org/download/MAME220RomsOnlyMerged/btime.zip"}, "games/mame/bubbles.zip": {"hash": "5f06a97a0e501d16b5a44d28b5355b2b", "size": 93754, "tags": [0, 12], "url": "https://archive.org/download/MAME218RomsOnlyMerged/MAME%200.218%20ROMs%20%28merged%29.zip/bubbles.zip"}, "games/mame/bublbobl.zip": {"hash": "e46e6e27c548654842b5175553ac24bd", "size": 1413531, "tags": [0, 31], "url": "https://archive.org/download/MAME217RomsOnlyMerged/MAME%200.217%20ROMs%20%28merged%29.zip/bublbobl.zip"}, "games/mame/bullet.zip": {"hash": "17d08acb2758efa2b1634703c13c9398", "size": 372166, "tags": [0, 33], "url": "https://archive.org/download/MAME217RomsOnlyMerged/MAME%200.217%20ROMs%20%28merged%29.zip/bullet.zip"}, "games/mame/bullfgt.zip": {"hash": "1db6fc31c03fdfa4dfa1736f8a4d2b09", "size": 108503, "tags": [0, 7], "url": "https://archive.org/download/MAME217RomsOnlyMerged/MAME%200.217%20ROMs%20%28merged%29.zip/bullfgt.zip"}, "games/mame/bwidow.zip": {"hash": "c09b9e89f1f97c8c8722a8b4fe66d4ec", "size": 43790, "tags": [0, 30], "url": "https://archive.org/download/MAME218RomsOnlyMerged/MAME%200.218%20ROMs%20%28merged%29.zip/bwidow.zip"}, "games/mame/calipso.zip": {"hash": "6b24c0423a1b613600b38683ae031862", "size": 19674, "tags": [0, 14], "url": "https://archive.org/download/MAME216RomsOnlyMerged/calipso.zip"}, "games/mame/canyon.zip": {"hash": "82309564b6237234e89b7cc7f50210ad", "size": 6492, "tags": [0, 36], "url": "https://archive.org/download/MAME220RomsOnlyMerged/canyon.zip"}, "games/mame/captcomm.zip": {"hash": "67ccb20ed2008e0913b4e59b76ff6818", "size": 8811558, "tags": [0, 2], "url": "https://archive.org/download/MAME217RomsOnlyMerged/MAME%200.217%20ROMs%20%28merged%29.zip/captcomm.zip"}, "games/mame/catacomb.zip": {"hash": "e61554ef95709a6406fd3be2a477f265", "size": 6934, "tags": [0, 18], "url": "https://archive.org/download/MAME217RomsOnlyMerged/MAME%200.217%20ROMs%20%28merged%29.zip/catacomb.zip"}, "games/mame/cavenger.zip": {"hash": "389494995406e1e56bef93622667feb4", "size": 21980, "tags": [0, 39], "url": "https://archive.org/download/MAME220RomsOnlyMerged/cavenger.zip"}, "games/mame/cawing.zip": {"hash": "acefdc4eab538793a491e4491d090a09", "size": 6538790, "tags": [0, 2], "url": "https://archive.org/download/MAME217RomsOnlyMerged/MAME%200.217%20ROMs%20%28merged%29.zip/cawing.zip"}, "games/mame/cclimber.zip": {"hash": "8daa67ee4c18c733b0e8414c04150d5d", "size": 107307, "tags": [0, 47], "url": "https://archive.org/download/MAME218RomsOnlyMerged/MAME%200.218%20ROMs%20%28merged%29.zip/cclimber.zip"}, "games/mame/centiped.zip": {"hash": "46c29b310f33a6ecacaaa2011fa2d57e", "size": 86196, "tags": [0, 38], "url": "https://archive.org/download/MAME218RomsOnlyMerged/MAME%200.218%20ROMs%20%28merged%29.zip/centiped.zip"}, "games/mame/choko.zip": {"hash": "0146e204c52d62592675ed1f4c94f04c", "size": 4924013, "tags": [0, 5], "url": "https://archive.org/download/mame.0229/choko.zip"}, "games/mame/ckong.zip": {"hash": "da9409b7ef01b460df3e7e01b036e465", "size": 235727, "tags": [0, 26], "url": "https://archive.org/download/MAME224RomsOnlyMerged/ckong.zip"}, "games/mame/ckongpt2.zip": {"hash": "0a3358aba1800efb3157b16b3763cb47", "size": 68222, "tags": [0, 26], "url": "https://archive.org/download/MAME218RomsOnlyMerged/MAME%200.218%20ROMs%20%28merged%29.zip/ckongpt2.zip"}, "games/mame/clowns.zip": {"hash": "9af4f2261af4732e15bf537f0b3fd04c", "size": 10873, "tags": [0, 6], "url": "https://archive.org/download/MAME218RomsOnlyMerged/MAME%200.218%20ROMs%20%28merged%29.zip/clowns.zip"}, "games/mame/clubpacm.zip": {"hash": "717685dd7034cf6604bf7438ffa50256", "size": 59975, "tags": [0, 11], "url": "https://archive.org/download/MAME220RomsOnlyMerged/clubpacm.zip"}, "games/mame/colony7.zip": {"hash": "ef41f79c98b6a10800ac802bb53fcd97", "size": 24340, "tags": [0, 40], "url": "https://archive.org/download/MAME216RomsOnlyMerged/colony7.zip"}, "games/mame/combatsc.zip": {"hash": "f511e129d1a1830ce0b2b6fe0e8db659", "size": 1255536, "tags": [0, 41], "url": "https://archive.org/download/MAME222RomsOnlyMerged/combatsc.zip"}, "games/mame/commando.zip": {"hash": "c6af4a2a2579bcd9bc3df065e8d5c894", "size": 432187, "tags": [0, 42], "url": "https://archive.org/download/MAME217RomsOnlyMerged/MAME%200.217%20ROMs%20%28merged%29.zip/commando.zip"}, "games/mame/contra.zip": {"hash": "026d1f85a7e541b1b19e2cce3f9ca45b", "size": 1310285, "tags": [0, 43], "url": "https://archive.org/download/mame.0229/contra.zip"}, "games/mame/cosmica.zip": {"hash": "55fe3e5add661cdbd3b25d602e6812a0", "size": 37347, "tags": [0, 44], "url": "https://archive.org/download/MAME219RomsOnlyMerged/MAME%200.219%20ROMs%20%28merged%29.zip/cosmica.zip"}, "games/mame/cosmo.zip": {"hash": "94ea97b16945acf8fea418a746f3001d", "size": 10011, "tags": [0, 6], "url": "https://archive.org/download/MAME217RomsOnlyMerged/MAME%200.217%20ROMs%20%28merged%29.zip/cosmo.zip"}, "games/mame/cotton.zip": {"hash": "dfabe095066b86e1c4a52f4cd0a98f6d", "size": 2704685, "tags": [0, 33], "url": "https://archive.org/download/MAME217RomsOnlyMerged/MAME%200.217%20ROMs%20%28merged%29.zip/cotton.zip"}, "games/mame/crater.zip": {"hash": "dcca5d707f10ae1fc936869d42c120ba", "size": 68430, "tags": [0, 45], "url": "https://archive.org/download/MAME216RomsOnlyMerged/crater.zip"}, "games/mame/crbaloon.zip": {"hash": "eb64965b7cab650cdbffc53efdcc1384", "size": 15835, "tags": [0, 46], "url": "https://archive.org/download/MAME219RomsOnlyMerged/MAME%200.219%20ROMs%20%28merged%29.zip/crbaloon.zip"}, "games/mame/crush.zip": {"hash": "dad2c12c392e7f85dc5e33f188505abb", "size": 205278, "tags": [0, 11], "url": "https://archive.org/download/MAME220RomsOnlyMerged/crush.zip"}, "games/mame/csclub.zip": {"hash": "28510524851cdd16d175d37da80b1048", "size": 15149311, "tags": [0, 5], "url": "https://archive.org/download/mame.0229/csclub.zip"}, "games/mame/cworld2j.zip": {"hash": "ed83e43d7d5a11990ee8876bac587709", "size": 3335927, "tags": [0, 2], "url": "https://archive.org/download/MAME217RomsOnlyMerged/MAME%200.217%20ROMs%20%28merged%29.zip/cworld2j.zip"}, "games/mame/cybots.zip": {"hash": "70dcbebae7d2b94b59b4779c5c30d2ed", "size": 22082147, "tags": [0, 5], "url": "https://archive.org/download/mame.0229/cybots.zip"}, "games/mame/darkplnt.zip": {"hash": "1aeb87dc8bb0d8879c950548d1f76f52", "size": 26182, "tags": [0, 14], "url": "https://archive.org/download/MAME209RomsOnlyMerged/darkplnt.zip"}, "games/mame/ddonpach.zip": {"hash": "58a82638a2aa7e4e40b32bf365bff17d", "size": 9734822, "tags": [0, 53], "url": "https://archive.org/download/MAME217RomsOnlyMerged/MAME%200.217%20ROMs%20%28merged%29.zip/ddonpach.zip"}, "games/mame/ddragon.zip": {"hash": "79d6a32a5345b42e1aca092e81599572", "size": 1739108, "tags": [0, 60], "url": "https://archive.org/download/MAME223RomsOnlyMerged/ddragon.zip"}, "games/mame/ddragon2.zip": {"hash": "390dca6dc7d8cfbed5cdd33d66ac404a", "size": 1525950, "tags": [0, 61], "url": "https://archive.org/download/MAME223RomsOnlyMerged/ddragon2.zip"}, "games/mame/ddsom.zip": {"hash": "4ed17aad7b83a6c41daf391b2837e8b0", "size": 30835569, "tags": [0, 5], "url": "https://archive.org/download/mame.0229/ddsom.zip"}, "games/mame/ddtod.zip": {"hash": "981432736bd85e1113b8df779299a64a", "size": 21313075, "tags": [0, 5], "url": "https://archive.org/download/mame.0229/ddtod.zip"}, "games/mame/ddux.zip": {"hash": "c805c6069de91ab71ef5a6bce67cac6d", "size": 1462441, "tags": [0, 62], "url": "https://archive.org/download/MAME217RomsOnlyMerged/MAME%200.217%20ROMs%20%28merged%29.zip/ddux.zip"}, "games/mame/defender.zip": {"hash": "3aea5133f6a98b0c600b45c47c31ea72", "size": 181280, "tags": [0, 40], "url": "https://archive.org/download/MAME218RomsOnlyMerged/MAME%200.218%20ROMs%20%28merged%29.zip/defender.zip"}, "games/mame/demoderb.zip": {"hash": "06b89c6a6ed41f043c626d775144667a", "size": 119482, "tags": [0, 49], "url": "https://archive.org/download/MAME216RomsOnlyMerged/demoderb.zip"}, "games/mame/devilfsh.zip": {"hash": "621223681e5ce11db0e323465a6a65ef", "size": 33791, "tags": [0, 18], "url": "https://archive.org/download/MAME220RomsOnlyMerged/devilfsh.zip"}, "games/mame/digdug.zip": {"hash": "271992dea35a3a8f1d0997a220a8a2b4", "size": 103908, "tags": [0, 50], "url": "https://archive.org/download/MAME218RomsOnlyMerged/MAME%200.218%20ROMs%20%28merged%29.zip/digdug.zip"}, "games/mame/digdug2.zip": {"hash": "f483c56d6e523ac9077beb45f3b66f72", "size": 54389, "tags": [0, 51], "url": "https://archive.org/download/MAME220RomsOnlyMerged/digdug2.zip"}, "games/mame/dimahoo.zip": {"hash": "3358ee6cddda33da2314f983b623e735", "size": 15505827, "tags": [0, 5], "url": "https://archive.org/download/mame.0229/dimahoo.zip"}, "games/mame/dino.zip": {"hash": "981b8ac9083b679da4408170c2af4fcf", "size": 14230762, "tags": [0, 25], "url": "https://archive.org/download/MAME217RomsOnlyMerged/MAME%200.217%20ROMs%20%28merged%29.zip/dino.zip"}, "games/mame/dkong.zip": {"hash": "e883b4225a76a79f38cf1db7c340aa8e", "size": 239481, "tags": [0, 56], "url": "https://archive.org/download/MAME218RomsOnlyMerged/MAME%200.218%20ROMs%20%28merged%29.zip/dkong.zip"}, "games/mame/dkong3.zip": {"hash": "07e360303a2cc4a699652192ccdf7aaf", "size": 138608, "tags": [0, 57], "url": "https://archive.org/download/MAME220RomsOnlyMerged/dkong3.zip"}, "games/mame/dkongjr.zip": {"hash": "628ef6e92a2126b82a4543f6caa130d1", "size": 297480, "tags": [0, 58], "url": "https://archive.org/download/MAME217RomsOnlyMerged/MAME%200.217%20ROMs%20%28merged%29.zip/dkongjr.zip"}, "games/mame/domino.zip": {"hash": "cd5b5e54ef59a32cdb01a2628c76edae", "size": 40571, "tags": [0, 54], "url": "https://archive.org/download/MAME216RomsOnlyMerged/domino.zip"}, "games/mame/dominos.zip": {"hash": "6a107d3e6660ea7188541213475c1b89", "size": 7787, "tags": [0, 55], "url": "https://archive.org/download/MAME220RomsOnlyMerged/dominos.zip"}, "games/mame/dorodon.zip": {"hash": "0917ee6d509e0484f57df8594baa93ed", "size": 45863, "tags": [0, 39], "url": "https://archive.org/download/MAME220RomsOnlyMerged/dorodon.zip"}, "games/mame/dotrikun.zip": {"hash": "dc818e03bfade13154f14d6fe4ba34e6", "size": 8586, "tags": [0, 59], "url": "https://archive.org/download/MAME217RomsOnlyMerged/MAME%200.217%20ROMs%20%28merged%29.zip/dotrikun.zip"}, "games/mame/dotron.zip": {"hash": "d20b2453ce7b850b96463aaa13571fb1", "size": 165657, "tags": [0, 52], "url": "https://archive.org/download/MAME218RomsOnlyMerged/MAME%200.218%20ROMs%20%28merged%29.zip/dotron.zip"}, "games/mame/dremshpr.zip": {"hash": "31e4679db64d0ce6da96f38436baf7cb", "size": 23110, "tags": [0, 11], "url": "https://archive.org/download/MAME220RomsOnlyMerged/dremshpr.zip"}, "games/mame/dstlk.zip": {"hash": "df9e9850b94e1a1b0f72cea0e5501511", "size": 25008958, "tags": [0, 5], "url": "https://archive.org/download/mame.0229/dstlk.zip"}, "games/mame/dunkshot.zip": {"hash": "b1ccfded399a10f5d11db76df9c3c4df", "size": 482865, "tags": [0, 8], "url": "https://archive.org/download/MAME217RomsOnlyMerged/MAME%200.217%20ROMs%20%28merged%29.zip/dunkshot.zip"}, "games/mame/dynwar.zip": {"hash": "380cde51eb508a1589f8a3ad36c88019", "size": 4751463, "tags": [0, 2], "url": "https://archive.org/download/MAME217RomsOnlyMerged/MAME%200.217%20ROMs%20%28merged%29.zip/dynwar.zip"}, "games/mame/ebases.zip": {"hash": "9474f20262283272c1687d01380a97fb", "size": 12172, "tags": [0, 64], "url": "https://archive.org/download/MAME219RomsOnlyMerged/MAME%200.219%20ROMs%20%28merged%29.zip/ebases.zip"}, "games/mame/ecofghtr.zip": {"hash": "cc7a9712662d884d9203e6f8d3797805", "size": 15090363, "tags": [0, 5], "url": "https://archive.org/download/mame.0229/ecofghtr.zip"}, "games/mame/eeekk.zip": {"hash": "8f6cc22620d373e4e7ac2b0803166626", "size": 37202, "tags": [0, 11], "url": "https://archive.org/download/MAME220RomsOnlyMerged/eeekk.zip"}, "games/mame/eggor.zip": {"hash": "b891df5d59d7b0faa260b9f7118b4a8e", "size": 15733, "tags": [0, 11], "url": "https://archive.org/download/MAME220RomsOnlyMerged/eggor.zip"}, "games/mame/eswat.zip": {"hash": "cec079b7584482b3c3cb2cb7fa3c9be5", "size": 4372453, "tags": [0, 33], "url": "https://archive.org/download/MAME217RomsOnlyMerged/MAME%200.217%20ROMs%20%28merged%29.zip/eswat.zip"}, "games/mame/exctleag.zip": {"hash": "99ece4febb60d1efec1ff9e4b9ac3508", "size": 637222, "tags": [0, 33], "url": "https://archive.org/download/MAME217RomsOnlyMerged/MAME%200.217%20ROMs%20%28merged%29.zip/exctleag.zip"}, "games/mame/exedexes.zip": {"hash": "351cf01092addfd0aa74a94e5a746b36", "size": 109600, "tags": [0, 63], "url": "https://archive.org/download/MAME217RomsOnlyMerged/MAME%200.217%20ROMs%20%28merged%29.zip/exedexes.zip"}, "games/mame/eyes.zip": {"hash": "499bbc8b9b2c66fd9e99fff747732b32", "size": 66954, "tags": [0, 11], "url": "https://archive.org/download/MAME218RomsOnlyMerged/MAME%200.218%20ROMs%20%28merged%29.zip/eyes.zip"}, "games/mame/f1dream.zip": {"hash": "7c3dc7ab68812cc1a7d1cf0207a44e9d", "size": 491699, "tags": [0, 65], "url": "https://archive.org/download/MAME216RomsOnlyMerged/f1dream.zip"}, "games/mame/fantzn2.zip": {"hash": "887bf1d9b597b00f0c8abf1a1578ce84", "size": 191570, "tags": [0, 19], "url": "https://archive.org/download/MAME217RomsOnlyMerged/MAME%200.217%20ROMs%20%28merged%29.zip/fantzn2.zip"}, "games/mame/fantzn2x.zip": {"hash": "6a2b48401f820a10076d5181bb5ae0df", "size": 1391879, "tags": [0, 33], "url": "https://archive.org/download/MAME217RomsOnlyMerged/MAME%200.217%20ROMs%20%28merged%29.zip/fantzn2x.zip"}, "games/mame/fantzone.zip": {"hash": "c9bc0968744d4355d32b0bcbce6017d3", "size": 945684, "tags": [0, 10], "url": "https://archive.org/download/MAME217RomsOnlyMerged/MAME%200.217%20ROMs%20%28merged%29.zip/fantzone.zip"}, "games/mame/fastlane.zip": {"hash": "98e2f39288deb63115ee1c06d27b58e6", "size": 633828, "tags": [0, 66], "url": "https://archive.org/download/MAME217RomsOnlyMerged/MAME%200.217%20ROMs%20%28merged%29.zip/fastlane.zip"}, "games/mame/ffight.zip": {"hash": "db12c617be5acffa8104e8ca3a0239d1", "size": 7598216, "tags": [0, 2], "url": "https://archive.org/download/MAME217RomsOnlyMerged/MAME%200.217%20ROMs%20%28merged%29.zip/ffight.zip"}, "games/mame/finalizr.zip": {"hash": "1bb6a6391184a18cc756932df04ce2de", "size": 147138, "tags": [0, 67], "url": "https://archive.org/download/MAME224RomsOnlyMerged/finalizr.zip"}, "games/mame/flicky.zip": {"hash": "8524ec54ea8ab3f7104fdaf6cccd045d", "size": 182003, "tags": [0, 7], "url": "https://archive.org/download/MAME217RomsOnlyMerged/MAME%200.217%20ROMs%20%28merged%29.zip/flicky.zip"}, "games/mame/foodf.zip": {"hash": "a0137699844e060a2d9774d7170e915f", "size": 148862, "tags": [0, 69], "url": "https://archive.org/download/MAME218RomsOnlyMerged/MAME%200.218%20ROMs%20%28merged%29.zip/foodf.zip"}, "games/mame/forgottn.zip": {"hash": "410c47d45028f36b85084e7c614e2d46", "size": 4145672, "tags": [0, 2], "url": "https://archive.org/download/MAME217RomsOnlyMerged/MAME%200.217%20ROMs%20%28merged%29.zip/forgottn.zip"}, "games/mame/fpoint.zip": {"hash": "93be7b22bd1bd6e480436beb5e1e818a", "size": 527144, "tags": [0, 33], "url": "https://archive.org/download/MAME217RomsOnlyMerged/MAME%200.217%20ROMs%20%28merged%29.zip/fpoint.zip"}, "games/mame/frenzy.zip": {"hash": "7e77bdead7e8f4be8d0517dda8d74a7f", "size": 16896, "tags": [0, 70], "url": "https://archive.org/download/MAME220RomsOnlyMerged/frenzy.zip"}, "games/mame/frogger.zip": {"hash": "f40753e2d83fb55ebfca1121ee285043", "size": 138679, "tags": [0, 14], "url": "https://archive.org/download/MAME216RomsOnlyMerged/frogger.zip"}, "games/mame/futspy.zip": {"hash": "ebd42eff9f42a022de62ec15b50c6d21", "size": 48411, "tags": [0, 71], "url": "https://archive.org/download/MAME217RomsOnlyMerged/MAME%200.217%20ROMs%20%28merged%29.zip/futspy.zip"}, "games/mame/galaga.zip": {"hash": "33ee1dae8d93c0ce16b79102a443d796", "size": 97662, "tags": [0, 72], "url": "https://archive.org/download/MAME218RomsOnlyMerged/MAME%200.218%20ROMs%20%28merged%29.zip/galaga.zip"}, "games/mame/galaxian.zip": {"hash": "ce48c61382580c5dd9949baaeb7a41ed", "size": 186915, "tags": [0, 18], "url": "https://archive.org/download/MAME218RomsOnlyMerged/MAME%200.218%20ROMs%20%28merged%29.zip/galaxian.zip"}, "games/mame/galxwars.zip": {"hash": "c9c79bdea83cc9d740977108428f545e", "size": 33223, "tags": [0, 6], "url": "https://archive.org/download/MAME217RomsOnlyMerged/MAME%200.217%20ROMs%20%28merged%29.zip/galxwars.zip"}, "games/mame/ganbare.zip": {"hash": "28a094676503b05bba5638ee55745b47", "size": 660566, "tags": [0, 2], "url": "https://archive.org/download/MAME217RomsOnlyMerged/MAME%200.217%20ROMs%20%28merged%29.zip/ganbare.zip"}, "games/mame/gaplus.zip": {"hash": "127167553a4d86415d6b6b84af1c1689", "size": 191054, "tags": [0, 73], "url": "https://archive.org/download/MAME218RomsOnlyMerged/MAME%200.218%20ROMs%20%28merged%29.zip/gaplus.zip"}, "games/mame/gaunt2.zip": {"hash": "e3b273fe91a0a34c3dab13781cb4205b", "size": 628940, "tags": [0, 74], "url": "https://archive.org/download/MAME217RomsOnlyMerged/MAME%200.217%20ROMs%20%28merged%29.zip/gaunt2.zip"}, "games/mame/gauntlet.zip": {"hash": "bc1d0c1480b2de49168132cd8f0e3f97", "size": 1289823, "tags": [0, 74], "url": "https://archive.org/download/MAME217RomsOnlyMerged/MAME%200.217%20ROMs%20%28merged%29.zip/gauntlet.zip"}, "games/mame/gberet.zip": {"hash": "095792c53890bd74ced7a4c4af955032", "size": 192073, "tags": [0, 77], "url": "https://archive.org/download/MAME220RomsOnlyMerged/gberet.zip"}, "games/mame/gemini.zip": {"hash": "37891860433cc778f230a86e582f4419", "size": 454617, "tags": [0, 75], "url": "https://archive.org/download/MAME220RomsOnlyMerged/gemini.zip"}, "games/mame/ghouls.zip": {"hash": "321baed3315ec62b8b82776122a641be", "size": 3711209, "tags": [0, 2], "url": "https://archive.org/download/MAME217RomsOnlyMerged/MAME%200.217%20ROMs%20%28merged%29.zip/ghouls.zip"}, "games/mame/gigawing.zip": {"hash": "bda236486d963b8fa7d806c6af9f87e4", "size": 16442419, "tags": [0, 5], "url": "https://archive.org/download/mame.0229/gigawing.zip"}, "games/mame/gng.zip": {"hash": "940e148ff796c5bad816672a5ecf07d8", "size": 662087, "tags": [0, 76], "url": "https://archive.org/download/MAME217RomsOnlyMerged/MAME%200.217%20ROMs%20%28merged%29.zip/gng.zip"}, "games/mame/goldnaxe.zip": {"hash": "b0a7a5de442d83a406539f8313ab209c", "size": 4181683, "tags": [0, 33], "url": "https://archive.org/download/MAME217RomsOnlyMerged/MAME%200.217%20ROMs%20%28merged%29.zip/goldnaxe.zip"}, "games/mame/gorf.zip": {"hash": "aabc0f2026e49c0e3e13f94767f80539", "size": 50019, "tags": [0, 64], "url": "https://archive.org/download/MAME219RomsOnlyMerged/MAME%200.219%20ROMs%20%28merged%29.zip/gorf.zip"}, "games/mame/gorodki.zip": {"hash": "4b37dca7e5b5a0f70d087236f28784fd", "size": 15093, "tags": [0, 27], "url": "https://archive.org/download/mame.0229/gorodki.zip"}, "games/mame/gravitar.zip": {"hash": "79c19547778ebcc916c15fce6cdbf1e4", "size": 113328, "tags": [0, 30], "url": "https://archive.org/download/MAME218RomsOnlyMerged/MAME%200.218%20ROMs%20%28merged%29.zip/gravitar.zip"}, "games/mame/grobda.zip": {"hash": "623c95e7e8068402336bea054e7ff507", "size": 48874, "tags": [0, 51], "url": "https://archive.org/download/mame.0229/grobda.zip"}, "games/mame/gunfight.zip": {"hash": "54959f6baa201c64971430d934f93393", "size": 7423, "tags": [0, 6], "url": "https://archive.org/download/MAME217RomsOnlyMerged/MAME%200.217%20ROMs%20%28merged%29.zip/gunfight.zip"}, "games/mame/gunsmoke.zip": {"hash": "fc2419d1dd38b49dbb9c675d7f4da015", "size": 336121, "tags": [0, 78], "url": "https://archive.org/download/MAME216RomsOnlyMerged/gunsmoke.zip"}, "games/mame/gyruss.zip": {"hash": "1a82e6dcfc2563ab27e6f2e3129dc429", "size": 85756, "tags": [0, 79], "url": "https://archive.org/download/MAME218RomsOnlyMerged/MAME%200.218%20ROMs%20%28merged%29.zip/gyruss.zip"}, "games/mame/hangonjr.zip": {"hash": "ca9ef5c144ca8bf110a0ae135569e06f", "size": 78162, "tags": [0, 19], "url": "https://archive.org/download/MAME217RomsOnlyMerged/MAME%200.217%20ROMs%20%28merged%29.zip/hangonjr.zip"}, "games/mame/hbarrel.zip": {"hash": "28ee0cbb6ebdcbe1145c90fcb6102e8a", "size": 684208, "tags": [0, 21], "url": "https://archive.org/download/MAME217RomsOnlyMerged/MAME%200.217%20ROMs%20%28merged%29.zip/hbarrel.zip"}, "games/mame/higemaru.zip": {"hash": "dc4cd7b57509fb15289f6984a26c7a6f", "size": 31822, "tags": [0, 97], "url": "https://archive.org/download/MAME217RomsOnlyMerged/MAME%200.217%20ROMs%20%28merged%29.zip/higemaru.zip"}, "games/mame/horizon.zip": {"hash": "21b597c037ed916c56d254b5a92eabd6", "size": 84661, "tags": [0, 80], "url": "https://archive.org/download/MAME221RomsOnlyMerged/horizon.zip"}, "games/mame/hsf2.zip": {"hash": "92d98ea467b8839dd246b4ca04d8b87c", "size": 23300824, "tags": [0, 5], "url": "https://archive.org/download/mame.0229/hsf2.zip"}, "games/mame/imsorry.zip": {"hash": "b2fc1ec7d6f0d9cbb3e0ce00c3669ddd", "size": 103638, "tags": [0, 7], "url": "https://archive.org/download/MAME217RomsOnlyMerged/MAME%200.217%20ROMs%20%28merged%29.zip/imsorry.zip"}, "games/mame/invad2ct.zip": {"hash": "f1a4bf24645f47c5e34713346868016b", "size": 8791, "tags": [0, 6], "url": "https://archive.org/download/MAME217RomsOnlyMerged/MAME%200.217%20ROMs%20%28merged%29.zip/invad2ct.zip"}, "games/mame/invaders.zip": {"hash": "277da7c566b6def359ae67dbbf5c5042", "size": 235788, "tags": [0, 6], "url": "https://archive.org/download/MAME217RomsOnlyMerged/MAME%200.217%20ROMs%20%28merged%29.zip/invaders.zip"}, "games/mame/invadpt2.zip": {"hash": "5fc8a46a086e9040561bc3e7defc1d31", "size": 34694, "tags": [0, 6], "url": "https://archive.org/download/MAME217RomsOnlyMerged/MAME%200.217%20ROMs%20%28merged%29.zip/invadpt2.zip"}, "games/mame/ironhors.zip": {"hash": "a1b65a6ac62c7b47824fc98d21c1ce8f", "size": 330583, "tags": [0, 48], "url": "https://archive.org/download/MAME224RomsOnlyMerged/ironhors.zip"}, "games/mame/jackal.zip": {"hash": "fa728a476360313892df457129d0a609", "size": 940432, "tags": [0, 81], "url": "https://archive.org/download/MAME224RomsOnlyMerged/jackal.zip"}, "games/mame/jailbrek.zip": {"hash": "fa8fd6fda7295afb76deb0c0a054be6f", "size": 174769, "tags": [0, 82], "url": "https://archive.org/download/MAME224RomsOnlyMerged/jailbrek.zip"}, "games/mame/jin.zip": {"hash": "07eafbf03f9c38e60915170b784c8330", "size": 14013, "tags": [0, 40], "url": "https://archive.org/download/MAME218RomsOnlyMerged/MAME%200.218%20ROMs%20%28merged%29.zip/jin.zip"}, "games/mame/journey.zip": {"hash": "c1ced51ec0f67842a6f5b8d793245238", "size": 67946, "tags": [0, 52], "url": "https://archive.org/download/MAME216RomsOnlyMerged/journey.zip"}, "games/mame/joust.zip": {"hash": "62d6ec96e9a67fb90415503e3dbfcba8", "size": 66848, "tags": [0, 12], "url": "https://archive.org/download/MAME218RomsOnlyMerged/MAME%200.218%20ROMs%20%28merged%29.zip/joust.zip"}, "games/mame/jumpshot.zip": {"hash": "0ce2c968672925c40fe0ca5a4724eef9", "size": 35079, "tags": [0, 11], "url": "https://archive.org/download/MAME218RomsOnlyMerged/MAME%200.218%20ROMs%20%28merged%29.zip/jumpshot.zip"}, "games/mame/jyangoku.zip": {"hash": "d9e9b2c831408723d2a629a73f3098f6", "size": 3945067, "tags": [0, 5], "url": "https://archive.org/download/mame.0229/jyangoku.zip"}, "games/mame/kick.zip": {"hash": "a92bf4177c12ee277822aa0ebccb3e7a", "size": 79626, "tags": [0, 83], "url": "https://archive.org/download/MAME218RomsOnlyMerged/MAME%200.218%20ROMs%20%28merged%29.zip/kick.zip"}, "games/mame/kicker.zip": {"hash": "cd8f066efc0246fabcc7586939aa57a8", "size": 80227, "tags": [0, 84], "url": "https://archive.org/download/MAME217RomsOnlyMerged/MAME%200.217%20ROMs%20%28merged%29.zip/kicker.zip"}, "games/mame/kidniki.zip": {"hash": "9c89f342bcb4757ea70072d470e92308", "size": 719013, "tags": [0, 80], "url": "https://archive.org/download/MAME221RomsOnlyMerged/kidniki.zip"}, "games/mame/kingball.zip": {"hash": "afdf43ff7c6bb6deddfbdeacd9952a63", "size": 22079, "tags": [0, 18], "url": "https://archive.org/download/MAME216RomsOnlyMerged/kingball.zip"}, "games/mame/knights.zip": {"hash": "defb93bebb1fe6ba9afdeb454c499315", "size": 9904490, "tags": [0, 2], "url": "https://archive.org/download/MAME217RomsOnlyMerged/MAME%200.217%20ROMs%20%28merged%29.zip/knights.zip"}, "games/mame/kod.zip": {"hash": "a40920a1ee80d8d03c981b949e43572b", "size": 7793368, "tags": [0, 2], "url": "https://archive.org/download/MAME217RomsOnlyMerged/MAME%200.217%20ROMs%20%28merged%29.zip/kod.zip"}, "games/mame/konek.zip": {"hash": "c7fb11bfc778aa674eec8ab3fd729f0f", "size": 30665, "tags": [0, 27], "url": "https://archive.org/download/mame.0229/konek.zip"}, "games/mame/koroleva.zip": {"hash": "5a97f572b54c3fa553f30164c28dfe1f", "size": 28250, "tags": [0, 27], "url": "https://archive.org/download/mame.0229/koroleva.zip"}, "games/mame/kot.zip": {"hash": "4cdb2d436465a076dae2d76b1b9ed818", "size": 35269, "tags": [0, 27], "url": "https://archive.org/download/mame.0229/kot.zip"}, "games/mame/kroozr.zip": {"hash": "a140974e66898bcd514b448c08e655cf", "size": 45549, "tags": [0, 54], "url": "https://archive.org/download/MAME216RomsOnlyMerged/kroozr.zip"}, "games/mame/kungfum.zip": {"hash": "e0f39ed964a6a0a10aff552a0377d40e", "size": 330158, "tags": [0, 80], "url": "https://archive.org/download/MAME221RomsOnlyMerged/kungfum.zip"}, "games/mame/ladybug.zip": {"hash": "6078d9eefeb73eda62aa48cb98f8fe4b", "size": 65565, "tags": [0, 39], "url": "https://archive.org/download/MAME218RomsOnlyMerged/MAME%200.218%20ROMs%20%28merged%29.zip/ladybug.zip"}, "games/mame/lagunar.zip": {"hash": "b20dc0c76887404f884f2fee0b9b2ccc", "size": 5584, "tags": [0, 6], "url": "https://archive.org/download/MAME217RomsOnlyMerged/MAME%200.217%20ROMs%20%28merged%29.zip/lagunar.zip"}, "games/mame/ldrun.zip": {"hash": "16ecf78873e7709893e92c1db3ad9d21", "size": 59784, "tags": [0, 80], "url": "https://archive.org/download/MAME221RomsOnlyMerged/ldrun.zip"}, "games/mame/ldrun2.zip": {"hash": "f4bb2bc58f5d895e5ba7f2efeac78848", "size": 65466, "tags": [0, 80], "url": "https://archive.org/download/MAME221RomsOnlyMerged/ldrun2.zip"}, "games/mame/ldrun3.zip": {"hash": "386eb4f0de7839d9be971d9ceae511cf", "size": 130001, "tags": [0, 80], "url": "https://archive.org/download/MAME221RomsOnlyMerged/ldrun3.zip"}, "games/mame/ldrun4.zip": {"hash": "ea85b0a72da8ff60706c1e3ffe4353a1", "size": 85203, "tags": [0, 80], "url": "https://archive.org/download/MAME221RomsOnlyMerged/ldrun4.zip"}, "games/mame/lizwiz.zip": {"hash": "cc53a43f7665be1c53306792212d4b38", "size": 19782, "tags": [0, 11], "url": "https://archive.org/download/MAME220RomsOnlyMerged/lizwiz.zip"}, "games/mame/llander.zip": {"hash": "a1ed8a7fc8ec2bcb279d97d3cd595e80", "size": 23604, "tags": [0, 86], "url": "https://archive.org/download/MAME218RomsOnlyMerged/MAME%200.218%20ROMs%20%28merged%29.zip/llander.zip"}, "games/mame/losttomb.zip": {"hash": "669abe367b9dc072d92eb44f56b105fd", "size": 22848, "tags": [0, 14], "url": "https://archive.org/download/MAME218RomsOnlyMerged/MAME%200.218%20ROMs%20%28merged%29.zip/losttomb.zip"}, "games/mame/lrescue.zip": {"hash": "992b82f695f5b8c83be5088a8db9334b", "size": 57513, "tags": [0, 6], "url": "https://archive.org/download/MAME217RomsOnlyMerged/MAME%200.217%20ROMs%20%28merged%29.zip/lrescue.zip"}, "games/mame/luctoday.zip": {"hash": "d2add3f27c51a0f63b77a84e0146da7e", "size": 9567, "tags": [0, 18], "url": "https://archive.org/download/MAME220RomsOnlyMerged/luctoday.zip"}, "games/mame/lupin3.zip": {"hash": "9faac42662ce814a45aa5b78125e8297", "size": 20389, "tags": [0, 6], "url": "https://archive.org/download/MAME217RomsOnlyMerged/MAME%200.217%20ROMs%20%28merged%29.zip/lupin3.zip"}, "games/mame/lwings.zip": {"hash": "8a427667820f650fe5a0548372dd14bd", "size": 567465, "tags": [0, 15], "url": "https://archive.org/download/MAME217RomsOnlyMerged/MAME%200.217%20ROMs%20%28merged%29.zip/lwings.zip"}, "games/mame/magspot.zip": {"hash": "b0023e6818029a9d9361fd238b04f94f", "size": 12104, "tags": [0, 44], "url": "https://archive.org/download/MAME219RomsOnlyMerged/MAME%200.219%20ROMs%20%28merged%29.zip/magspot.zip"}, "games/mame/mappy.zip": {"hash": "1eee78465799cce2635f2f12a82103ba", "size": 39468, "tags": [0, 51], "url": "https://archive.org/download/MAME218RomsOnlyMerged/MAME%200.218%20ROMs%20%28merged%29.zip/mappy.zip"}, "games/mame/mario.zip": {"hash": "53cb3cb8c5ff1ae1275929e157ef337b", "size": 221947, "tags": [0, 89], "url": "https://archive.org/download/MAME220RomsOnlyMerged/mario.zip"}, "games/mame/mars.zip": {"hash": "1d281a8b2e014696ebb8dba5b5e09a38", "size": 17505, "tags": [0, 14], "url": "https://archive.org/download/MAME217RomsOnlyMerged/MAME%200.217%20ROMs%20%28merged%29.zip/mars.zip"}, "games/mame/maxrpm.zip": {"hash": "8920bd21b15cb73d10ffc70d417feebf", "size": 87769, "tags": [0, 49], "url": "https://archive.org/download/MAME217RomsOnlyMerged/MAME%200.217%20ROMs%20%28merged%29.zip/maxrpm.zip"}, "games/mame/mayday.zip": {"hash": "5c249fdfc9d45e7eb77b338e76bb276f", "size": 64975, "tags": [0, 40], "url": "https://archive.org/download/MAME218RomsOnlyMerged/MAME%200.218%20ROMs%20%28merged%29.zip/mayday.zip"}, "games/mame/maze.zip": {"hash": "baa5015e65b503f4a6f9a27381947d91", "size": 3244, "tags": [0, 6], "url": "https://archive.org/download/MAME217RomsOnlyMerged/MAME%200.217%20ROMs%20%28merged%29.zip/maze.zip"}, "games/mame/mbombrd.zip": {"hash": "64bc42f64289b0c4b3cac2e9c3507071", "size": 7579909, "tags": [0, 25], "url": "https://archive.org/download/MAME217RomsOnlyMerged/MAME%200.217%20ROMs%20%28merged%29.zip/mbombrd.zip"}, "games/mame/megaman.zip": {"hash": "6a88e5d624f13be722b17b324c23bb37", "size": 18149063, "tags": [0, 2], "url": "https://archive.org/download/mame.0229/megaman.zip"}, "games/mame/megaman2.zip": {"hash": "a0407d13ce13a249bbf27eeef8e981cb", "size": 17969108, "tags": [0, 5], "url": "https://archive.org/download/mame.0229/megaman2.zip"}, "games/mame/mercs.zip": {"hash": "ab29451c756b3904bf2d6a0d7eec9dd8", "size": 3009661, "tags": [0, 2], "url": "https://archive.org/download/MAME217RomsOnlyMerged/MAME%200.217%20ROMs%20%28merged%29.zip/mercs.zip"}, "games/mame/mimonkey.zip": {"hash": "03a41c395fff8703d10660a47982492d", "size": 87975, "tags": [0, 14], "url": "https://archive.org/download/MAME209RomsOnlyMerged/mimonkey.zip"}, "games/mame/minefld.zip": {"hash": "5aacb861564aa7ffe28783dbe0c5568f", "size": 29473, "tags": [0, 14], "url": "https://archive.org/download/MAME209RomsOnlyMerged/minefld.zip"}, "games/mame/mmatrix.zip": {"hash": "3558900bdd3b10c7b7a4586eda3ee108", "size": 20568873, "tags": [0, 5], "url": "https://archive.org/download/MAME217RomsOnlyMerged/MAME%200.217%20ROMs%20%28merged%29.zip/mmatrix.zip"}, "games/mame/mooncrst.zip": {"hash": "b75bcdf78e045ddd0b859086989e20ec", "size": 264043, "tags": [0, 18], "url": "https://archive.org/download/MAME220RomsOnlyMerged/mooncrst.zip"}, "games/mame/moonwar.zip": {"hash": "88ab9f3896f9c16a132d3142aaec2918", "size": 27969, "tags": [0, 14], "url": "https://archive.org/download/MAME216RomsOnlyMerged/moonwar.zip"}, "games/mame/motos.zip": {"hash": "b81ff43f7182873988b85f53733fc27c", "size": 39030, "tags": [0, 51], "url": "https://archive.org/download/MAME220RomsOnlyMerged/motos.zip"}, "games/mame/mpang.zip": {"hash": "d0360f4d43324bcf60dd3da72fb7aa2a", "size": 11777351, "tags": [0, 5], "url": "https://archive.org/download/mame.0229/mpang.zip"}, "games/mame/mpatrol.zip": {"hash": "b4b4f28566fd34e14e1e910c584e894f", "size": 48805, "tags": [0, 90], "url": "https://archive.org/download/MAME218RomsOnlyMerged/MAME%200.218%20ROMs%20%28merged%29.zip/mpatrol.zip"}, "games/mame/mplanets.zip": {"hash": "0ba61fbc924f9b6ccb5dbb4c3a98cfda", "size": 71257, "tags": [0, 88], "url": "https://archive.org/download/MAME217RomsOnlyMerged/MAME%200.217%20ROMs%20%28merged%29.zip/mplanets.zip"}, "games/mame/mrdo.zip": {"hash": "dd77bdc0a0626d01c742e61bb137bbae", "size": 137427, "tags": [0, 92], "url": "https://archive.org/download/MAME220RomsOnlyMerged/mrdo.zip"}, "games/mame/mrgoemon.zip": {"hash": "3ab191ee6e577dc274f4425afc973c97", "size": 81115, "tags": [0, 77], "url": "https://archive.org/download/mame.0229/mrgoemon.zip"}, "games/mame/mrtnt.zip": {"hash": "31e39fadfb8415f645c83e9a3a1b975a", "size": 32161, "tags": [0, 11], "url": "https://archive.org/download/MAME220RomsOnlyMerged/mrtnt.zip"}, "games/mame/mrviking.zip": {"hash": "33bd1528649cd1190816d402be39a53f", "size": 115937, "tags": [0, 7], "url": "https://archive.org/download/MAME217RomsOnlyMerged/MAME%200.217%20ROMs%20%28merged%29.zip/mrviking.zip"}, "games/mame/msh.zip": {"hash": "1c5256ccac5753606ff60beb0fbdc96a", "size": 24999824, "tags": [0, 5], "url": "https://archive.org/download/mame.0229/msh.zip"}, "games/mame/mshvsf.zip": {"hash": "5a52d147e295de669239f60e5df3b9cc", "size": 31883263, "tags": [0, 5], "url": "https://archive.org/download/mame.0229/mshvsf.zip"}, "games/mame/mspacman.zip": {"hash": "d57f43b5fa1262544d44714fb7baf972", "size": 321327, "tags": [0, 11], "url": "https://archive.org/download/MAME218RomsOnlyMerged/MAME%200.218%20ROMs%20%28merged%29.zip/mspacman.zip"}, "games/mame/msword.zip": {"hash": "0d7b70ced27b0d03572ce528e66bb910", "size": 3050193, "tags": [0, 2], "url": "https://archive.org/download/MAME217RomsOnlyMerged/MAME%200.217%20ROMs%20%28merged%29.zip/msword.zip"}, "games/mame/mtwins.zip": {"hash": "b7d24d990caa9d2006258a6057225d50", "size": 4125709, "tags": [0, 2], "url": "https://archive.org/download/MAME217RomsOnlyMerged/MAME%200.217%20ROMs%20%28merged%29.zip/mtwins.zip"}, "games/mame/mvp.zip": {"hash": "c5869e2137b494ff465ecbc5a0199c6e", "size": 2992459, "tags": [0, 33], "url": "https://archive.org/download/MAME217RomsOnlyMerged/MAME%200.217%20ROMs%20%28merged%29.zip/mvp.zip"}, "games/mame/mvsc.zip": {"hash": "e286da0cd2439723169d45f40165c455", "size": 54509450, "tags": [0, 5], "url": "https://archive.org/download/mame.0229/mvsc.zip"}, "games/mame/mx5000.zip": {"hash": "0de9a712dc49a42938f65abfcf988b53", "size": 639136, "tags": [0, 68], "url": "https://archive.org/download/MAME217RomsOnlyMerged/MAME%200.217%20ROMs%20%28merged%29.zip/mx5000.zip"}, "games/mame/myhero.zip": {"hash": "768110805a269be6e1126239bd9f42da", "size": 243011, "tags": [0, 7], "url": "https://archive.org/download/MAME217RomsOnlyMerged/MAME%200.217%20ROMs%20%28merged%29.zip/myhero.zip"}, "games/mame/namco50.zip": {"hash": "bff02877b3e56117fc250c2a47fee7ea", "size": 898, "tags": [0, 23], "url": "https://archive.org/download/MAME218RomsOnlyMerged/MAME%200.218%20ROMs%20%28merged%29.zip/namco50.zip"}, "games/mame/namco51.zip": {"hash": "7fe7e6dde605d05045e8bafc5052a3f1", "size": 716, "tags": [0, 23], "url": "https://archive.org/download/MAME218RomsOnlyMerged/MAME%200.218%20ROMs%20%28merged%29.zip/namco51.zip"}, "games/mame/namco54.zip": {"hash": "705edf0e055cd27264ce2a5828b354f2", "size": 592, "tags": [0, 23], "url": "https://archive.org/download/MAME218RomsOnlyMerged/MAME%200.218%20ROMs%20%28merged%29.zip/namco54.zip"}, "games/mame/nemo.zip": {"hash": "2653b7be2a4119d39249309014f39cbd", "size": 2707377, "tags": [0, 2], "url": "https://archive.org/download/MAME217RomsOnlyMerged/MAME%200.217%20ROMs%20%28merged%29.zip/nemo.zip"}, "games/mame/ninjakun.zip": {"hash": "8173d6b5a67b5179d9fc29a35b1a23d6", "size": 47075, "tags": [0, 94], "url": "https://archive.org/download/MAME220RomsOnlyMerged/ninjakun.zip"}, "games/mame/nrallyx.zip": {"hash": "184a4835268886ea849d708d5499494a", "size": 28151, "tags": [0, 93], "url": "https://archive.org/download/MAME218RomsOnlyMerged/MAME%200.218%20ROMs%20%28merged%29.zip/nrallyx.zip"}, "games/mame/nwarr.zip": {"hash": "dd9bcb3d72264a1daa89bc7a7f0f3dde", "size": 30829397, "tags": [0, 5], "url": "https://archive.org/download/mame.0229/nwarr.zip"}, "games/mame/opaopa.zip": {"hash": "b1ae907970201eecd6d836cae3d4dac9", "size": 264557, "tags": [0, 19], "url": "https://archive.org/download/MAME217RomsOnlyMerged/MAME%200.217%20ROMs%20%28merged%29.zip/opaopa.zip"}, "games/mame/orbitron.zip": {"hash": "627b95d43a516e2f6ba4cefbc42b427d", "size": 10744, "tags": [0, 18], "url": "https://archive.org/download/MAME220RomsOnlyMerged/orbitron.zip"}, "games/mame/pacnpal.zip": {"hash": "50a947cc8f26aa571c69b33d09c875c0", "size": 52336, "tags": [0, 51], "url": "https://archive.org/download/MAME220RomsOnlyMerged/pacnpal.zip"}, "games/mame/pang3.zip": {"hash": "c7b0883aefbca7feead4b65b429db80d", "size": 1984258, "tags": [0, 2], "url": "https://archive.org/download/MAME217RomsOnlyMerged/MAME%200.217%20ROMs%20%28merged%29.zip/pang3.zip"}, "games/mame/panic.zip": {"hash": "ea199a1e302b4b3e907da3d36ac062a5", "size": 49968, "tags": [0, 44], "url": "https://archive.org/download/MAME219RomsOnlyMerged/MAME%200.219%20ROMs%20%28merged%29.zip/panic.zip"}, "games/mame/passsht.zip": {"hash": "f6d51e102d3b771d13248f873710271b", "size": 1641452, "tags": [0, 95], "url": "https://archive.org/download/MAME217RomsOnlyMerged/MAME%200.217%20ROMs%20%28merged%29.zip/passsht.zip"}, "games/mame/pengo.zip": {"hash": "7ce48eb1c1c150764704fde590686fd7", "size": 204830, "tags": [0, 96], "url": "https://archive.org/download/MAME220RomsOnlyMerged/pengo.zip"}, "games/mame/phoenix.zip": {"hash": "6207ff84ffc9a13cb26bb82d9f5f6191", "size": 202758, "tags": [0, 20], "url": "https://archive.org/download/MAME218RomsOnlyMerged/MAME%200.218%20ROMs%20%28merged%29.zip/phoenix.zip"}, "games/mame/pickin.zip": {"hash": "d33fdaef3fb8e635229d62749523d1e7", "size": 16423, "tags": [0, 22], "url": "https://archive.org/download/MAME220RomsOnlyMerged/pickin.zip"}, "games/mame/pisces.zip": {"hash": "676ca4b53a378c192523d83ce8db2aec", "size": 25935, "tags": [0, 18], "url": "https://archive.org/download/MAME218RomsOnlyMerged/MAME%200.218%20ROMs%20%28merged%29.zip/pisces.zip"}, "games/mame/pitfall2.zip": {"hash": "d08320ebc1112a63f94bbebffc03820d", "size": 114561, "tags": [0, 7], "url": "https://archive.org/download/MAME216RomsOnlyMerged/pitfall2.zip"}, "games/mame/playball.zip": {"hash": "eba86b7e96fd130c740e2b94414bed16", "size": 39245, "tags": [0, 12], "url": "https://archive.org/download/MAME218RomsOnlyMerged/MAME%200.218%20ROMs%20%28merged%29.zip/playball.zip"}, "games/mame/pleiads.zip": {"hash": "1c46d3ccdf6575dfeef538d88c428102", "size": 74040, "tags": [0, 37], "url": "https://archive.org/download/MAME218RomsOnlyMerged/MAME%200.218%20ROMs%20%28merged%29.zip/pleiads.zip"}, "games/mame/pnickj.zip": {"hash": "ae5e47d1a4941258e4b9f6b031432898", "size": 768480, "tags": [0, 2], "url": "https://archive.org/download/MAME217RomsOnlyMerged/MAME%200.217%20ROMs%20%28merged%29.zip/pnickj.zip"}, "games/mame/pokonyan.zip": {"hash": "a6a62edd097ea68dc84ede952ecc5a6c", "size": 714534, "tags": [0, 2], "url": "https://archive.org/download/MAME217RomsOnlyMerged/MAME%200.217%20ROMs%20%28merged%29.zip/pokonyan.zip"}, "games/mame/polyplay.zip": {"hash": "6ad41ed4ecc9f27c29decd08d733a75e", "size": 27147, "tags": [0, 98], "url": "https://archive.org/download/mame.0229/polyplay.zip"}, "games/mame/polyplay2.zip": {"hash": "53a3996cc2b72653bad4ecf0ac53e683", "size": 52322, "tags": [0, 98], "url": "https://archive.org/download/MAME220RomsOnlyMerged/polyplay2.zip"}, "games/mame/ponpoko.zip": {"hash": "56daaec49a2511b27c37d834a544132d", "size": 32776, "tags": [0, 11], "url": "https://archive.org/download/MAME218RomsOnlyMerged/MAME%200.218%20ROMs%20%28merged%29.zip/ponpoko.zip"}, "games/mame/pooyan.zip": {"hash": "9d4a78bed292edf2f07e16dfbc833d28", "size": 83509, "tags": [0, 99], "url": "https://archive.org/download/MAME218RomsOnlyMerged/MAME%200.218%20ROMs%20%28merged%29.zip/pooyan.zip"}, "games/mame/popeye.zip": {"hash": "df8597926345e5b2b15659ac9522a141", "size": 205862, "tags": [0, 100], "url": "https://archive.org/download/MAME219RomsOnlyMerged/MAME%200.219%20ROMs%20%28merged%29.zip/popeye.zip"}, "games/mame/powerdrv.zip": {"hash": "3a1f0c2cb49a9b7aab4b9b0e41910b99", "size": 195303, "tags": [0, 49], "url": "https://archive.org/download/MAME217RomsOnlyMerged/MAME%200.217%20ROMs%20%28merged%29.zip/powerdrv.zip"}, "games/mame/progear.zip": {"hash": "d75d575cce083c8d0b8d422e8f985b70", "size": 29438718, "tags": [0, 5], "url": "https://archive.org/download/mame.0229/progear.zip"}, "games/mame/puckman.zip": {"hash": "fa62036b337a48a223907a02c278e138", "size": 410008, "tags": [0, 11], "url": "https://archive.org/download/MAME218RomsOnlyMerged/MAME%200.218%20ROMs%20%28merged%29.zip/puckman.zip"}, "games/mame/punisher.zip": {"hash": "bd72dd42a354f210c23b790ec83ea08d", "size": 14326206, "tags": [0, 25], "url": "https://archive.org/download/MAME217RomsOnlyMerged/MAME%200.217%20ROMs%20%28merged%29.zip/punisher.zip"}, "games/mame/pzloop2.zip": {"hash": "850ab19d016045ea9450f23a6b2ac18c", "size": 12697539, "tags": [0, 5], "url": "https://archive.org/download/mame.0229/pzloop2.zip"}, "games/mame/qad.zip": {"hash": "7ffa792cf2a8fdaf564c88dd154392b3", "size": 2511627, "tags": [0, 2], "url": "https://archive.org/download/MAME217RomsOnlyMerged/MAME%200.217%20ROMs%20%28merged%29.zip/qad.zip"}, "games/mame/qbert.zip": {"hash": "1088993a6b50356b4ca84aade41a0341", "size": 96719, "tags": [0, 88], "url": "https://archive.org/download/MAME217RomsOnlyMerged/MAME%200.217%20ROMs%20%28merged%29.zip/qbert.zip"}, "games/mame/qbertqub.zip": {"hash": "f30273ca73fa8d3a19af50e09fe1c686", "size": 46583, "tags": [0, 88], "url": "https://archive.org/download/MAME217RomsOnlyMerged/MAME%200.217%20ROMs%20%28merged%29.zip/qbertqub.zip"}, "games/mame/qndream.zip": {"hash": "c6bf9af175d1a90f6da50dfa80c1f3b1", "size": 6925964, "tags": [0, 5], "url": "https://archive.org/download/mame.0229/qndream.zip"}, "games/mame/qsound.zip": {"hash": "758388893761ea3ff0d820f60344a38e", "size": 2676, "tags": [0, 5], "url": "https://archive.org/download/mame.0229/qsound.zip"}, "games/mame/qtono2j.zip": {"hash": "ff9adb5050b6d14009e64202fc90750f", "size": 1945248, "tags": [0, 2], "url": "https://archive.org/download/MAME217RomsOnlyMerged/MAME%200.217%20ROMs%20%28merged%29.zip/qtono2j.zip"}, "games/mame/quartet.zip": {"hash": "f7482d757b5dd787fa16b823f95479dc", "size": 579507, "tags": [0, 10], "url": "https://archive.org/download/MAME217RomsOnlyMerged/MAME%200.217%20ROMs%20%28merged%29.zip/quartet.zip"}, "games/mame/radarscp.zip": {"hash": "70baf5b9702c1dddd816b3968a973778", "size": 22964, "tags": [0, 56], "url": "https://archive.org/download/MAME217RomsOnlyMerged/MAME%200.217%20ROMs%20%28merged%29.zip/radarscp.zip"}, "games/mame/raflesia.zip": {"hash": "2cc03034e3ecbe5b7acb30e840918831", "size": 80542, "tags": [0, 7], "url": "https://archive.org/download/MAME216RomsOnlyMerged/raflesia.zip"}, "games/mame/rallyx.zip": {"hash": "def027d1ab45be54160f90420d30dce5", "size": 47588, "tags": [0, 93], "url": "https://archive.org/download/MAME218RomsOnlyMerged/MAME%200.218%20ROMs%20%28merged%29.zip/rallyx.zip"}, "games/mame/rampage.zip": {"hash": "51662369d1d670646f279c4c9c9da765", "size": 294845, "tags": [0, 49], "url": "https://archive.org/download/MAME218RomsOnlyMerged/MAME%200.218%20ROMs%20%28merged%29.zip/rampage.zip"}, "games/mame/regulus.zip": {"hash": "43dbe59754c11eec3fe5563e47f6c42f", "size": 139770, "tags": [0, 7], "url": "https://archive.org/download/MAME216RomsOnlyMerged/regulus.zip"}, "games/mame/rescue.zip": {"hash": "2f86ad09657344d3ffe20f30657068b1", "size": 46836, "tags": [0, 14], "url": "https://archive.org/download/MAME218RomsOnlyMerged/MAME%200.218%20ROMs%20%28merged%29.zip/rescue.zip"}, "games/mame/ridleofp.zip": {"hash": "244bd57d9cb909418f1bd883c8f2170e", "size": 83585, "tags": [0, 19], "url": "https://archive.org/download/MAME217RomsOnlyMerged/MAME%200.217%20ROMs%20%28merged%29.zip/ridleofp.zip"}, "games/mame/ringdest.zip": {"hash": "198c8f3b9672af8023a557985ed39266", "size": 16100079, "tags": [0, 5], "url": "https://archive.org/download/mame.0229/ringdest.zip"}, "games/mame/riotcity.zip": {"hash": "8a19b5279486a3592821cdca2297f48d", "size": 1235882, "tags": [0, 33], "url": "https://archive.org/download/MAME217RomsOnlyMerged/MAME%200.217%20ROMs%20%28merged%29.zip/riotcity.zip"}, "games/mame/robby.zip": {"hash": "b4027347ca82ee613449da10e28f12d3", "size": 27937, "tags": [0, 64], "url": "https://archive.org/download/MAME219RomsOnlyMerged/MAME%200.219%20ROMs%20%28merged%29.zip/robby.zip"}, "games/mame/robotron.zip": {"hash": "20fadf31d6238f7f01da2049170bad91", "size": 82120, "tags": [0, 12], "url": "https://archive.org/download/MAME218RomsOnlyMerged/MAME%200.218%20ROMs%20%28merged%29.zip/robotron.zip"}, "games/mame/rpatrol.zip": {"hash": "f71542ba5dc2b9a49fca3dd52f73bd50", "size": 67855, "tags": [0, 101], "url": "https://archive.org/download/MAME220RomsOnlyMerged/rpatrol.zip"}, "games/mame/rygar.zip": {"hash": "c41fdcefb2159bcaac362c8a933a88cb", "size": 328339, "tags": [0, 75], "url": "https://archive.org/download/MAME220RomsOnlyMerged/rygar.zip"}, "games/mame/ryukyu.zip": {"hash": "9bcd69cb172a842ad7621908141ce1b1", "size": 521673, "tags": [0, 33], "url": "https://archive.org/download/MAME217RomsOnlyMerged/MAME%200.217%20ROMs%20%28merged%29.zip/ryukyu.zip"}, "games/mame/sarge.zip": {"hash": "c52f5e03f7c539c77f5ae573abd079a6", "size": 84020, "tags": [0, 49], "url": "https://archive.org/download/MAME217RomsOnlyMerged/MAME%200.217%20ROMs%20%28merged%29.zip/sarge.zip"}, "games/mame/sbagman.zip": {"hash": "4710808b3d09262598d80d35cb9839ce", "size": 84591, "tags": [0, 22], "url": "https://archive.org/download/MAME218RomsOnlyMerged/MAME%200.218%20ROMs%20%28merged%29.zip/sbagman.zip"}, "games/mame/sbasketb.zip": {"hash": "b3885ab4de78556967d616403306cdb3", "size": 171637, "tags": [0, 109], "url": "https://archive.org/download/MAME217RomsOnlyMerged/MAME%200.217%20ROMs%20%28merged%29.zip/sbasketb.zip"}, "games/mame/sbrkout.zip": {"hash": "6aac0b697c4e7664e8c120188b1a921b", "size": 18086, "tags": [0, 110], "url": "https://archive.org/download/MAME218RomsOnlyMerged/MAME%200.218%20ROMs%20%28merged%29.zip/sbrkout.zip"}, "games/mame/schaser.zip": {"hash": "73ec1bead941a06230adec21f325b0e9", "size": 50980, "tags": [0, 6], "url": "https://archive.org/download/MAME217RomsOnlyMerged/MAME%200.217%20ROMs%20%28merged%29.zip/schaser.zip"}, "games/mame/scobra.zip": {"hash": "63e97ddceb57cfe9500cad02ff9ba7cc", "size": 123771, "tags": [0, 14], "url": "https://archive.org/download/MAME218RomsOnlyMerged/MAME%200.218%20ROMs%20%28merged%29.zip/scobra.zip"}, "games/mame/scotrsht.zip": {"hash": "1c15e278a5996cc67656770e06ec8e94", "size": 73766, "tags": [0, 103], "url": "https://archive.org/download/MAME224RomsOnlyMerged/scotrsht.zip"}, "games/mame/scramble.zip": {"hash": "7c7269a26a65130855701116b4e8cf60", "size": 163809, "tags": [0, 14], "url": "https://archive.org/download/MAME218RomsOnlyMerged/MAME%200.218%20ROMs%20%28merged%29.zip/scramble.zip"}, "games/mame/seawolf.zip": {"hash": "694bd4761e91dcab47e17ad983788a70", "size": 7776, "tags": [0, 6], "url": "https://archive.org/download/MAME217RomsOnlyMerged/MAME%200.217%20ROMs%20%28merged%29.zip/seawolf.zip"}, "games/mame/seawolf2.zip": {"hash": "612c4d92431178caa3236322917beb76", "size": 6108, "tags": [0, 64], "url": "https://archive.org/download/MAME219RomsOnlyMerged/MAME%200.219%20ROMs%20%28merged%29.zip/seawolf2.zip"}, "games/mame/sectionz.zip": {"hash": "f1585181b0024c708663c193486065e0", "size": 232516, "tags": [0, 15], "url": "https://archive.org/download/MAME217RomsOnlyMerged/MAME%200.217%20ROMs%20%28merged%29.zip/sectionz.zip"}, "games/mame/seganinj.zip": {"hash": "5236b0a52389cfb0288777007c279c6c", "size": 322348, "tags": [0, 7], "url": "https://archive.org/download/MAME217RomsOnlyMerged/MAME%200.217%20ROMs%20%28merged%29.zip/seganinj.zip"}, "games/mame/sf.zip": {"hash": "5ed76d704362bfe4546d2029acb7c96a", "size": 2215033, "tags": [0, 108], "url": "https://archive.org/download/MAME217RomsOnlyMerged/MAME%200.217%20ROMs%20%28merged%29.zip/sf.zip"}, "games/mame/sf2.zip": {"hash": "7b62a4094296a814f049bab74cf17b36", "size": 33389800, "tags": [0, 2], "url": "https://archive.org/download/MAME217RomsOnlyMerged/MAME%200.217%20ROMs%20%28merged%29.zip/sf2.zip"}, "games/mame/sf2ce.zip": {"hash": "6adec591d638a2789a5c77ad22a4ba66", "size": 43964193, "tags": [0, 2], "url": "https://archive.org/download/MAME217RomsOnlyMerged/MAME%200.217%20ROMs%20%28merged%29.zip/sf2ce.zip"}, "games/mame/sf2hf.zip": {"hash": "9c36f22673a2e9147ac02ef7eb74c9fa", "size": 5038348, "tags": [0, 2], "url": "https://archive.org/download/MAME217RomsOnlyMerged/MAME%200.217%20ROMs%20%28merged%29.zip/sf2hf.zip"}, "games/mame/sfa.zip": {"hash": "c474aa8720e88c7fc448576923ff03f1", "size": 12600783, "tags": [0, 5], "url": "https://archive.org/download/mame.0229/sfa.zip"}, "games/mame/sfa2.zip": {"hash": "6e5138587d47d543d2bbbfdf7d9bf038", "size": 21966120, "tags": [0, 5], "url": "https://archive.org/download/mame.0229/sfa2.zip"}, "games/mame/sfa3.zip": {"hash": "1b1e221f09317450828f9136730f3444", "size": 34903415, "tags": [0, 5], "url": "https://archive.org/download/mame.0229/sfa3.zip"}, "games/mame/sfz2al.zip": {"hash": "ab0e9f6b34d1e45851de220ed605bc39", "size": 17240561, "tags": [0, 5], "url": "https://archive.org/download/mame.0229/sfz2al.zip"}, "games/mame/sfzch.zip": {"hash": "af3833ae7802cad622492dca272f2406", "size": 4232968, "tags": [0, 2], "url": "https://archive.org/download/mame.0229/sfzch.zip"}, "games/mame/sgemf.zip": {"hash": "6a34a27b41118bf46214e25c3dead61b", "size": 17995675, "tags": [0, 5], "url": "https://archive.org/download/mame.0229/sgemf.zip"}, "games/mame/shinobi.zip": {"hash": "bac4b7ddaf26a3502fb2434cae304d38", "size": 2021346, "tags": [0, 10], "url": "https://archive.org/download/MAME217RomsOnlyMerged/MAME%200.217%20ROMs%20%28merged%29.zip/shinobi.zip"}, "games/mame/shollow.zip": {"hash": "061db5b650e742017af11c9dfa487ad3", "size": 51971, "tags": [0, 54], "url": "https://archive.org/download/MAME216RomsOnlyMerged/shollow.zip"}, "games/mame/shtrider.zip": {"hash": "70cbb4dcc2511e717f31329e86cd9730", "size": 79211, "tags": [0, 91], "url": "https://archive.org/download/MAME216RomsOnlyMerged/shtrider.zip"}, "games/mame/shuffle.zip": {"hash": "5b1a1a43af923a5c5979e8f54a2d6b65", "size": 6223, "tags": [0, 6], "url": "https://archive.org/download/MAME217RomsOnlyMerged/MAME%200.217%20ROMs%20%28merged%29.zip/shuffle.zip"}, "games/mame/sidearms.zip": {"hash": "f62f46b2404b22da45d8fb7eb8ee23cc", "size": 366575, "tags": [0, 104], "url": "https://archive.org/download/MAME217RomsOnlyMerged/MAME%200.217%20ROMs%20%28merged%29.zip/sidearms.zip"}, "games/mame/silkworm.zip": {"hash": "5652f19e8075dd0d08bfecfc0e7f7585", "size": 531009, "tags": [0, 75], "url": "https://archive.org/download/MAME220RomsOnlyMerged/silkworm.zip"}, "games/mame/sinistar.zip": {"hash": "5a3095c64b9ad618b617ae8c9c2e9bf7", "size": 86355, "tags": [0, 12], "url": "https://archive.org/download/MAME218RomsOnlyMerged/MAME%200.218%20ROMs%20%28merged%29.zip/sinistar.zip"}, "games/mame/skyskipr.zip": {"hash": "807267201080195204f42d5be45a891e", "size": 35629, "tags": [0, 100], "url": "https://archive.org/download/MAME219RomsOnlyMerged/MAME%200.219%20ROMs%20%28merged%29.zip/skyskipr.zip"}, "games/mame/slammast.zip": {"hash": "c328f51f9b980aae0f3d8965228b4e5d", "size": 14533579, "tags": [0, 25], "url": "https://archive.org/download/MAME217RomsOnlyMerged/MAME%200.217%20ROMs%20%28merged%29.zip/slammast.zip"}, "games/mame/slapshtr.zip": {"hash": "bb4955fe435dd838b94478e2c0383bdb", "size": 65121, "tags": [0, 19], "url": "https://archive.org/download/MAME217RomsOnlyMerged/MAME%200.217%20ROMs%20%28merged%29.zip/slapshtr.zip"}, "games/mame/snapjack.zip": {"hash": "bd59aa1a6cdd79935fbacd61d39fc3b4", "size": 24812, "tags": [0, 39], "url": "https://archive.org/download/MAME220RomsOnlyMerged/snapjack.zip"}, "games/mame/solarfox.zip": {"hash": "7c41dc0bdd82696fcc1b7e7412aabbbc", "size": 34706, "tags": [0, 83], "url": "https://archive.org/download/MAME216RomsOnlyMerged/solarfox.zip"}, "games/mame/solomon.zip": {"hash": "29df9e509bdd408dd46853bb46b7ef82", "size": 147720, "tags": [0, 105], "url": "https://archive.org/download/MAME218RomsOnlyMerged/MAME%200.218%20ROMs%20%28merged%29.zip/solomon.zip"}, "games/mame/sonicbom.zip": {"hash": "f38335989e4ea2e82e0004df84f01d9d", "size": 569867, "tags": [0, 33], "url": "https://archive.org/download/MAME217RomsOnlyMerged/MAME%200.217%20ROMs%20%28merged%29.zip/sonicbom.zip"}, "games/mame/sosterm.zip": {"hash": "b9810b244b2197d7b6fdb6f1081f34a8", "size": 31479, "tags": [0, 27], "url": "https://archive.org/download/mame.0229/sosterm.zip"}, "games/mame/spacezap.zip": {"hash": "0dbeef79d7f7774a64d0b82b4ac4f8a1", "size": 12135, "tags": [0, 64], "url": "https://archive.org/download/MAME219RomsOnlyMerged/MAME%200.219%20ROMs%20%28merged%29.zip/spacezap.zip"}, "games/mame/spatter.zip": {"hash": "f656670dbe1c20090f52ffb89d02b604", "size": 163914, "tags": [0, 7], "url": "https://archive.org/download/MAME217RomsOnlyMerged/MAME%200.217%20ROMs%20%28merged%29.zip/spatter.zip"}, "games/mame/spcenctr.zip": {"hash": "88a12a5aa28ad6bbe136fdf9f54ac454", "size": 11987, "tags": [0, 6], "url": "https://archive.org/download/MAME217RomsOnlyMerged/MAME%200.217%20ROMs%20%28merged%29.zip/spcenctr.zip"}, "games/mame/spdcoin.zip": {"hash": "60cc34a3e894b260b7d238bc6ae22e0c", "size": 10375, "tags": [0, 14], "url": "https://archive.org/download/MAME216RomsOnlyMerged/spdcoin.zip"}, "games/mame/spelunk2.zip": {"hash": "f86b5da1428876751fd4058baaf27fff", "size": 136512, "tags": [0, 80], "url": "https://archive.org/download/MAME221RomsOnlyMerged/spelunk2.zip"}, "games/mame/spelunkr.zip": {"hash": "005bce81e8922566ae28f8eef863dbfb", "size": 139836, "tags": [0, 80], "url": "https://archive.org/download/MAME221RomsOnlyMerged/spelunkr.zip"}, "games/mame/spf2t.zip": {"hash": "4c8d78d32cfecf21fd88dda7e9f8b724", "size": 6502021, "tags": [0, 5], "url": "https://archive.org/download/mame.0229/spf2t.zip"}, "games/mame/splat.zip": {"hash": "059936a70b89348f853a473e6aa9f0ec", "size": 40761, "tags": [0, 12], "url": "https://archive.org/download/MAME218RomsOnlyMerged/MAME%200.218%20ROMs%20%28merged%29.zip/splat.zip"}, "games/mame/sprint1.zip": {"hash": "c68885311c3e812b09a2758aa01db16f", "size": 13136, "tags": [0, 107], "url": "https://archive.org/download/MAME216RomsOnlyMerged/sprint1.zip"}, "games/mame/spyhunt.zip": {"hash": "fda1725d9bf449431b25838e93f486f7", "size": 231774, "tags": [0, 45], "url": "https://archive.org/download/MAME218RomsOnlyMerged/MAME%200.218%20ROMs%20%28merged%29.zip/spyhunt.zip"}, "games/mame/squaitsa.zip": {"hash": "6927c9fa456f73cc1fd79a017a96ec64", "size": 10936, "tags": [0, 22], "url": "https://archive.org/download/MAME220RomsOnlyMerged/squaitsa.zip"}, "games/mame/srumbler.zip": {"hash": "45da685b2fbf73a8bd63a51f135606fa", "size": 479283, "tags": [0, 102], "url": "https://archive.org/download/mame.0229/srumbler.zip"}, "games/mame/ssf2.zip": {"hash": "921bc7e31ade6edba030f8444b45291c", "size": 27570387, "tags": [0, 5], "url": "https://archive.org/download/mame.0229/ssf2.zip"}, "games/mame/ssf2t.zip": {"hash": "cc19617ed9b7ab83a791b5f557f6b6fc", "size": 31855330, "tags": [0, 5], "url": "https://archive.org/download/mame.0229/ssf2t.zip"}, "games/mame/stargate.zip": {"hash": "d2c849689c3e4847a8390e6b08fdff41", "size": 36543, "tags": [0, 12], "url": "https://archive.org/download/MAME218RomsOnlyMerged/MAME%200.218%20ROMs%20%28merged%29.zip/stargate.zip"}, "games/mame/stargrds.zip": {"hash": "294f456b7c0a5d489a25ba0011935a8b", "size": 133468, "tags": [0, 49], "url": "https://archive.org/download/MAME217RomsOnlyMerged/MAME%200.217%20ROMs%20%28merged%29.zip/stargrds.zip"}, "games/mame/starjack.zip": {"hash": "8d8550fa861fdf5bb6aa8ce3cbaa828d", "size": 84583, "tags": [0, 7], "url": "https://archive.org/download/MAME216RomsOnlyMerged/starjack.zip"}, "games/mame/stratgyx.zip": {"hash": "e928df876b01157649782989fc72f9b0", "size": 45861, "tags": [0, 14], "url": "https://archive.org/download/MAME218RomsOnlyMerged/MAME%200.218%20ROMs%20%28merged%29.zip/stratgyx.zip"}, "games/mame/strider.zip": {"hash": "7b6de232df5a76cc693c5ddbe9e7548e", "size": 4633533, "tags": [0, 2], "url": "https://archive.org/download/MAME217RomsOnlyMerged/MAME%200.217%20ROMs%20%28merged%29.zip/strider.zip"}, "games/mame/superpac.zip": {"hash": "fd36651ed185da1c1ea0b27c94b4177c", "size": 27944, "tags": [0, 51], "url": "https://archive.org/download/MAME220RomsOnlyMerged/superpac.zip"}, "games/mame/suprglob.zip": {"hash": "f25aa926dce95674d08df01c5abeb8f0", "size": 159070, "tags": [0, 11], "url": "https://archive.org/download/MAME220RomsOnlyMerged/suprglob.zip"}, "games/mame/swat.zip": {"hash": "644cdbdaa52e0b8da029e28d1e9bed8a", "size": 58666, "tags": [0, 7], "url": "https://archive.org/download/MAME217RomsOnlyMerged/MAME%200.217%20ROMs%20%28merged%29.zip/swat.zip"}, "games/mame/szaxxon.zip": {"hash": "9abe5c25831ce71e4d619ccd918bc1be", "size": 39297, "tags": [0, 71], "url": "https://archive.org/download/MAME217RomsOnlyMerged/MAME%200.217%20ROMs%20%28merged%29.zip/szaxxon.zip"}, "games/mame/tapper.zip": {"hash": "3ce8df5f4ce8f9d0da21910f8bdc9bbc", "size": 353500, "tags": [0, 52], "url": "https://archive.org/download/MAME218RomsOnlyMerged/MAME%200.218%20ROMs%20%28merged%29.zip/tapper.zip"}, "games/mame/tazmania.zip": {"hash": "e6fbdcde7fe36d0ef9a6423de3836f0e", "size": 88138, "tags": [0, 14], "url": "https://archive.org/download/MAME216RomsOnlyMerged/tazmania.zip"}, "games/mame/teddybb.zip": {"hash": "064c6861a2ce26eb0803495c2dd6d389", "size": 146624, "tags": [0, 7], "url": "https://archive.org/download/MAME217RomsOnlyMerged/MAME%200.217%20ROMs%20%28merged%29.zip/teddybb.zip"}, "games/mame/tetris.zip": {"hash": "fba07a1f557e6f78f33f2dc461f06c4c", "size": 3243940, "tags": [0, 33], "url": "https://archive.org/download/MAME217RomsOnlyMerged/MAME%200.217%20ROMs%20%28merged%29.zip/tetris.zip"}, "games/mame/tetrisse.zip": {"hash": "a7cf00f940a683e899ca9b7754fb836e", "size": 21849, "tags": [0, 19], "url": "https://archive.org/download/MAME217RomsOnlyMerged/MAME%200.217%20ROMs%20%28merged%29.zip/tetrisse.zip"}, "games/mame/theend.zip": {"hash": "f1aa7f03bb16e236f8829ee9e17a753d", "size": 52848, "tags": [0, 18], "url": "https://archive.org/download/MAME220RomsOnlyMerged/theend.zip"}, "games/mame/tigeroad.zip": {"hash": "83be74f91404134e297318b75dae3fab", "size": 1417951, "tags": [0, 113], "url": "https://archive.org/download/MAME216RomsOnlyMerged/tigeroad.zip"}, "games/mame/timber.zip": {"hash": "50179244cae329b5a70e44ca0d4a7a99", "size": 85901, "tags": [0, 52], "url": "https://archive.org/download/MAME216RomsOnlyMerged/timber.zip"}, "games/mame/timeplt.zip": {"hash": "3e82105c000a126e7b95de5da88ea10d", "size": 85049, "tags": [0, 106], "url": "https://archive.org/download/MAME218RomsOnlyMerged/MAME%200.218%20ROMs%20%28merged%29.zip/timeplt.zip"}, "games/mame/timescan.zip": {"hash": "427dd85a5c56cf7b3736c8ba1dc85a44", "size": 439503, "tags": [0, 10], "url": "https://archive.org/download/MAME217RomsOnlyMerged/MAME%200.217%20ROMs%20%28merged%29.zip/timescan.zip"}, "games/mame/todruaga.zip": {"hash": "9424b8d111ffb06be106adcd98e5eb20", "size": 72290, "tags": [0, 51], "url": "https://archive.org/download/MAME218RomsOnlyMerged/MAME%200.218%20ROMs%20%28merged%29.zip/todruaga.zip"}, "games/mame/tokio.zip": {"hash": "049a8b84ff09c985f9d06dd68d322072", "size": 445783, "tags": [0, 31], "url": "https://archive.org/download/MAME217RomsOnlyMerged/MAME%200.217%20ROMs%20%28merged%29.zip/tokio.zip"}, "games/mame/toryumon.zip": {"hash": "e6a0eb8bb09e3e5052f1a7e241c148eb", "size": 618844, "tags": [0, 33], "url": "https://archive.org/download/MAME217RomsOnlyMerged/MAME%200.217%20ROMs%20%28merged%29.zip/toryumon.zip"}, "games/mame/tp84.zip": {"hash": "9f390eff118d70f2ca945886bea14703", "size": 108451, "tags": [0, 114], "url": "https://archive.org/download/MAME224RomsOnlyMerged/tp84.zip"}, "games/mame/transfrm.zip": {"hash": "1a292c66d7eeb50e55a9dffce0b66ea8", "size": 90259, "tags": [0, 19], "url": "https://archive.org/download/MAME217RomsOnlyMerged/MAME%200.217%20ROMs%20%28merged%29.zip/transfrm.zip"}, "games/mame/travrusa.zip": {"hash": "aa07fc9674da468cbfda41e7ea923f82", "size": 144765, "tags": [0, 91], "url": "https://archive.org/download/MAME218RomsOnlyMerged/MAME%200.218%20ROMs%20%28merged%29.zip/travrusa.zip"}, "games/mame/tricktrp.zip": {"hash": "5f0d5dec911f741101645c5df5264dcb", "size": 483423, "tags": [0, 85], "url": "https://archive.org/download/MAME217RomsOnlyMerged/MAME%200.217%20ROMs%20%28merged%29.zip/tricktrp.zip"}, "games/mame/trojan.zip": {"hash": "c24b29668a2bf3371914795393046436", "size": 486417, "tags": [0, 111], "url": "https://archive.org/download/MAME217RomsOnlyMerged/MAME%200.217%20ROMs%20%28merged%29.zip/trojan.zip"}, "games/mame/tron.zip": {"hash": "40cbfaf55b255d5985fb1c4abe724fd6", "size": 176440, "tags": [0, 54], "url": "https://archive.org/download/MAME218RomsOnlyMerged/MAME%200.218%20ROMs%20%28merged%29.zip/tron.zip"}, "games/mame/tturf.zip": {"hash": "e52dadc6af52789255424d5089663d10", "size": 1023215, "tags": [0, 62], "url": "https://archive.org/download/MAME217RomsOnlyMerged/MAME%200.217%20ROMs%20%28merged%29.zip/tturf.zip"}, "games/mame/turbotag.zip": {"hash": "c9b7a23bcffe9c84e58727ef8b212a5a", "size": 81230, "tags": [0, 45], "url": "https://archive.org/download/MAME220RomsOnlyMerged/turbotag.zip"}, "games/mame/turtles.zip": {"hash": "4cd0cd1558d58e5e765893c9497e9011", "size": 47481, "tags": [0, 14], "url": "https://archive.org/download/MAME209RomsOnlyMerged/turtles.zip"}, "games/mame/twotiger.zip": {"hash": "793f800acf0adcc92bfb488233f90111", "size": 77234, "tags": [0, 54], "url": "https://archive.org/download/MAME218RomsOnlyMerged/MAME%200.218%20ROMs%20%28merged%29.zip/twotiger.zip"}, "games/mame/ultratnk.zip": {"hash": "3a416341290882597ed1111eacccd8da", "size": 6369, "tags": [0, 115], "url": "https://archive.org/download/MAME217RomsOnlyMerged/MAME%200.217%20ROMs%20%28merged%29.zip/ultratnk.zip"}, "games/mame/uniwars.zip": {"hash": "b69cdb1b4c9bb798939f6e1a34b0d7c8", "size": 89808, "tags": [0, 18], "url": "https://archive.org/download/MAME218RomsOnlyMerged/MAME%200.218%20ROMs%20%28merged%29.zip/uniwars.zip"}, "games/mame/unsquad.zip": {"hash": "9b31bc6ae33f2e9be0f06933d7414206", "size": 2707091, "tags": [0, 2], "url": "https://archive.org/download/MAME217RomsOnlyMerged/MAME%200.217%20ROMs%20%28merged%29.zip/unsquad.zip"}, "games/mame/upndown.zip": {"hash": "6b93cb3200e5a8b09f6a8ca1f37d8e49", "size": 85712, "tags": [0, 7], "url": "https://archive.org/download/MAME216RomsOnlyMerged/upndown.zip"}, "games/mame/vanvan.zip": {"hash": "a807969b1657bd8266067a922ddb27f3", "size": 35467, "tags": [0, 11], "url": "https://archive.org/download/MAME218RomsOnlyMerged/MAME%200.218%20ROMs%20%28merged%29.zip/vanvan.zip"}, "games/mame/varth.zip": {"hash": "cb51cadfb37f76e9a73234ce3bd9a8f0", "size": 5560581, "tags": [0, 2], "url": "https://archive.org/download/MAME217RomsOnlyMerged/MAME%200.217%20ROMs%20%28merged%29.zip/varth.zip"}, "games/mame/vball.zip": {"hash": "ccc9ab11d75da7c53e5f64da2f0f6c48", "size": 918972, "tags": [0, 116], "url": "https://archive.org/download/mame.0229/vball.zip"}, "games/mame/vhunt2.zip": {"hash": "cad869f09371e3f4f1be1d35018961e2", "size": 24527867, "tags": [0, 5], "url": "https://archive.org/download/mame.0229/vhunt2.zip"}, "games/mame/victoryc.zip": {"hash": "2a9774e2261a9b50bdd67c34bf8fb1a1", "size": 17148, "tags": [0, 18], "url": "https://archive.org/download/MAME220RomsOnlyMerged/victoryc.zip"}, "games/mame/vindctr2.zip": {"hash": "b78eef0bac9c04ba813cb07c73de3e45", "size": 658551, "tags": [0, 74], "url": "https://archive.org/download/MAME217RomsOnlyMerged/MAME%200.217%20ROMs%20%28merged%29.zip/vindctr2.zip"}, "games/mame/vortex.zip": {"hash": "902c389628965580906cfb7ca5c3f9c3", "size": 9947, "tags": [0, 6], "url": "https://archive.org/download/MAME217RomsOnlyMerged/MAME%200.217%20ROMs%20%28merged%29.zip/vortex.zip"}, "games/mame/vsav.zip": {"hash": "a155f7437b74040b59eaac7756fcae4a", "size": 27696865, "tags": [0, 5], "url": "https://archive.org/download/mame.0229/vsav.zip"}, "games/mame/vsav2.zip": {"hash": "71bfc4546a204b985f6bed2163d5f083", "size": 23795122, "tags": [0, 5], "url": "https://archive.org/download/mame.0229/vsav2.zip"}, "games/mame/vulgus.zip": {"hash": "f6d3e1b9baca80e35ad48f1db38e6f87", "size": 123532, "tags": [0, 87], "url": "https://archive.org/download/MAME216RomsOnlyMerged/vulgus.zip"}, "games/mame/wacko.zip": {"hash": "156014e29cdd84046d0c0d149413b4d1", "size": 40532, "tags": [0, 54], "url": "https://archive.org/download/MAME216RomsOnlyMerged/wacko.zip"}, "games/mame/warofbug.zip": {"hash": "dcc8efe2ed8e3b33e9c8ecc0b79693da", "size": 33142, "tags": [0, 18], "url": "https://archive.org/download/MAME218RomsOnlyMerged/MAME%200.218%20ROMs%20%28merged%29.zip/warofbug.zip"}, "games/mame/wb3.zip": {"hash": "cde33f2907a8edfcd4e1d0991b4e96c3", "size": 1717661, "tags": [0, 33], "url": "https://archive.org/download/MAME217RomsOnlyMerged/MAME%200.217%20ROMs%20%28merged%29.zip/wb3.zip"}, "games/mame/wboy.zip": {"hash": "7695787dda869635b72508a69e3b284e", "size": 560339, "tags": [0, 7], "url": "https://archive.org/download/MAME217RomsOnlyMerged/MAME%200.217%20ROMs%20%28merged%29.zip/wboy.zip"}, "games/mame/willow.zip": {"hash": "1d69f9f5dcc2bf3071ee747d31ab92b3", "size": 3047083, "tags": [0, 2], "url": "https://archive.org/download/MAME217RomsOnlyMerged/MAME%200.217%20ROMs%20%28merged%29.zip/willow.zip"}, "games/mame/wmatch.zip": {"hash": "711b73ed8cf71c4d4dfd6d0dda2835fa", "size": 80892, "tags": [0, 7], "url": "https://archive.org/download/MAME217RomsOnlyMerged/MAME%200.217%20ROMs%20%28merged%29.zip/wmatch.zip"}, "games/mame/wof.zip": {"hash": "e0e7203b290a6a62d47dc0a7de2aab1b", "size": 14087782, "tags": [0, 2], "url": "https://archive.org/download/MAME217RomsOnlyMerged/MAME%200.217%20ROMs%20%28merged%29.zip/wof.zip"}, "games/mame/woodpeck.zip": {"hash": "4319ddaf0ed61183e3048a2d8fe90843", "size": 32116, "tags": [0, 11], "url": "https://archive.org/download/MAME220RomsOnlyMerged/woodpeck.zip"}, "games/mame/wow.zip": {"hash": "039cd2af82cec4c2aa0561767586ac1d", "size": 23269, "tags": [0, 64], "url": "https://archive.org/download/MAME219RomsOnlyMerged/MAME%200.219%20ROMs%20%28merged%29.zip/wow.zip"}, "games/mame/wrestwar.zip": {"hash": "eccbe6911e25e438375407855fc078bf", "size": 1396783, "tags": [0, 33], "url": "https://archive.org/download/MAME217RomsOnlyMerged/MAME%200.217%20ROMs%20%28merged%29.zip/wrestwar.zip"}, "games/mame/xevious.zip": {"hash": "cf231e71c07b5aa47e2fce53ba6797ba", "size": 156499, "tags": [0, 23], "url": "https://archive.org/download/MAME218RomsOnlyMerged/MAME%200.218%20ROMs%20%28merged%29.zip/xevious.zip"}, "games/mame/xmcota.zip": {"hash": "7a36666d679ed9657af88bda85e0ec71", "size": 30748753, "tags": [0, 5], "url": "https://archive.org/download/mame.0229/xmcota.zip"}, "games/mame/xmvsf.zip": {"hash": "8f7e6d7a87ef16ff7ef503b0f941da7e", "size": 28932764, "tags": [0, 5], "url": "https://archive.org/download/mame.0229/xmvsf.zip"}, "games/mame/yiear.zip": {"hash": "b1b2de0d705e95e1d026829ba0701bec", "size": 114993, "tags": [0, 117], "url": "https://archive.org/download/MAME217RomsOnlyMerged/MAME%200.217%20ROMs%20%28merged%29.zip/yiear.zip"}, "games/mame/youjyudn.zip": {"hash": "ffba8a6aa4a88a092bfb8d52fbea95a6", "size": 122527, "tags": [0, 80], "url": "https://archive.org/download/MAME221RomsOnlyMerged/youjyudn.zip"}, "games/mame/zaxxon.zip": {"hash": "28a5d494ae74bc4a13e0034d3fa858d8", "size": 89081, "tags": [0, 71], "url": "https://archive.org/download/MAME217RomsOnlyMerged/MAME%200.217%20ROMs%20%28merged%29.zip/zaxxon.zip"}, "games/mame/zigzagb.zip": {"hash": "0c05ffd6cbeb749f5dfb5350fb66372d", "size": 15944, "tags": [0, 118], "url": "https://archive.org/download/MAME220RomsOnlyMerged/zigzagb.zip"}}, "folders": {"games": {}, "games/hbmame": {}, "games/mame": {}}, "tag_dictionary": {"arcadearkanoid": 16, "arcadeasteroids": 9, "arcadeasteroidsdeluxe": 17, "arcadeastrocade": 64, "arcadeataritetris": 112, "arcadebagman": 22, "arcadeberzerk": 24, "arcadeblackwidow": 30, "arcadebombjack": 32, "arcadeburgertime": 35, "arcadeburningrubber": 34, "arcadecanyonbomber": 36, "arcadecave": 53, "arcadecentipede": 38, "arcadecosmic": 44, "arcadecrazyballoon": 46, "arcadecrazyclimber": 47, "arcadecrazykong": 26, "arcadedefender": 40, "arcadedigdug": 50, "arcadedominos": 55, "arcadedonkeykong": 56, "arcadedonkeykong3": 57, "arcadedonkeykongjunior": 58, "arcadedottorikun": 59, "arcadedruaga": 51, "arcadefinalizer": 67, "arcadefoodfight": 69, "arcadefrenzy": 70, "arcadegalaga": 72, "arcadegalaxian": 18, "arcadegaplus": 73, "arcadegauntlet": 74, "arcadegyruss": 79, "arcadeiremm62": 80, "arcadeironhorse": 48, "arcadejackal": 81, "arcadejailbreak": 82, "arcadeladybug": 39, "arcadelunarlander": 86, "arcademariobros": 89, "arcademcr1": 83, "arcademcr2": 54, "arcademcr3": 52, "arcademcr3mono": 49, "arcademcr3scroll": 45, "arcademoonpatrol": 90, "arcademrdo": 92, "arcadeninjakun": 94, "arcadepacman": 11, "arcadepengo": 96, "arcadephoenix": 20, "arcadepleiads": 37, "arcadepolyplay": 98, "arcadepooyan": 99, "arcadepopeye": 100, "arcadeqbert": 88, "arcaderallyx": 93, "arcaderiverpatrol": 101, "arcaderobotron": 12, "arcadershnatk": 77, "arcadescootershooter": 103, "arcadescramble": 14, "arcadesegasys1": 7, "arcadesms": 19, "arcadesolomonskey": 105, "arcadespaceinvaders": 6, "arcadesprint1": 107, "arcadesuperbreakout": 110, "arcadetecmo": 75, "arcadetiamc1": 27, "arcadetimepilot": 106, "arcadetimepilot84": 114, "arcadetraverseusa": 91, "arcadeultratank": 115, "arcadevball": 116, "arcadexevious": 23, "arcadezaxxon": 71, "arcadezigzag": 118, "hbmame": 1, "jt1942": 3, "jt1943": 4, "jtbiocom": 28, "jtbtiger": 29, "jtbubl": 31, "jtcommando": 42, "jtcomsc": 41, "jtcontra": 43, "jtcps1": 2, "jtcps15": 25, "jtcps2": 5, "jtdd": 60, "jtdd2": 61, "jtexed": 63, "jtf1dream": 65, "jtflane": 66, "jtgng": 76, "jtgunsmoke": 78, "jthige": 97, "jtkicker": 84, "jtlabrun": 85, "jtmx5k": 68, "jtninja": 21, "jtrumble": 102, "jts16": 10, "jts16a2": 95, "jts16b": 33, "jts16b1": 8, "jts16b2": 13, "jts16b3": 62, "jtsarms": 104, "jtsbask1": 109, "jtsectionz": 15, "jtsf": 108, "jttora": 113, "jttrojan": 111, "jtvulgus": 87, "jtyiear": 117, "mame": 0}, "timestamp": 1641165923, "zips": {}}