{"db_id": "arcade_roms_db", "default_options": {"downloader_retries": 6, "downloader_timeout": 900}, "files": {"|games/hbmame/1942.zip": {"hash": "f6946f5437b130b0295cb6dbbee8a949", "size": 239977, "tags": [1, 2, 91], "url": "https://archive.org/download/hbmame0220/1942.zip"}, "|games/hbmame/1943.zip": {"hash": "583c6f56ebecb05b11f55bc556737a11", "size": 526715, "tags": [1, 2, 92], "url": "https://archive.org/download/hbmame0220/1943.zip"}, "|games/hbmame/1943kai.zip": {"hash": "193445714fd34b9a4ea798b2f9098139", "size": 332218, "tags": [1, 2, 92], "url": "https://archive.org/download/hbmame0220/1943kai.zip"}, "|games/hbmame/asteroid.zip": {"hash": "054915cb77d6a776f12f839b29f2df4e", "size": 26851, "tags": [1, 2, 11], "url": "https://archive.org/download/hbmame0217/asteroid.zip"}, "|games/hbmame/bagman.zip": {"hash": "64e50f6ad3f62ed4447718a356eb9686", "size": 43368, "tags": [1, 2, 15], "url": "https://archive.org/download/hbmame0217/bagman.zip"}, "|games/hbmame/bombjack.zip": {"hash": "1e1b1b8c97d08d6e28c9043e63271fac", "size": 139015, "tags": [1, 2, 21], "url": "https://archive.org/download/hbmame0217/bombjack.zip"}, "|games/hbmame/brubber.zip": {"hash": "d283d5223631d957b0d7b4368824c36b", "size": 44220, "tags": [1, 2, 23], "url": "https://archive.org/download/hbmame0217/brubber.zip"}, "|games/hbmame/centiped.zip": {"hash": "8638b3021a5b0728cf5b3d20a66a31fa", "size": 41730, "tags": [1, 2, 25], "url": "https://archive.org/download/hbmame0217/centiped.zip"}, "|games/hbmame/ckong.zip": {"hash": "15ae0e9ab5a2c387f7c5acde0a7d5ba1", "size": 83196, "tags": [1, 2, 17], "url": "https://archive.org/download/hbmame0217/ckong.zip"}, "|games/hbmame/commando.zip": {"hash": "3ee1d7d00271fc70226b3aad25e0352f", "size": 174038, "tags": [1, 2, 104], "url": "https://archive.org/download/HBmame0.230-romsmerged/commando.zip"}, "|games/hbmame/dkong.zip": {"hash": "d81395ef5551423c0dd73de4ccef617e", "size": 304979, "tags": [1, 2, 39], "url": "https://archive.org/download/hbmame0217/dkong.zip"}, "|games/hbmame/frogger.zip": {"hash": "32b6985e40b7407d38e09b54bbd54550", "size": 30843, "tags": [1, 2, 7], "url": "https://archive.org/download/hbmame0217/frogger.zip"}, "|games/hbmame/galaga.zip": {"hash": "624e3161e040b44064595b588c936119", "size": 119531, "tags": [1, 2, 48], "url": "https://archive.org/download/hbmame0217/galaga.zip"}, "|games/hbmame/galnamco.zip": {"hash": "4bc42c5c662104a802348bcff22bbbf2", "size": 76254, "tags": [1, 2, 14], "url": "https://archive.org/download/hbmame0217/galnamco.zip"}, "|games/hbmame/mappy.zip": {"hash": "eac0f3e42554332e15bd0c06c86849a2", "size": 59279, "tags": [1, 2, 35], "url": "https://archive.org/download/hbmame0217/mappy.zip"}, "|games/hbmame/mpatrol.zip": {"hash": "319dc22803221d3fbb77c85e5027a655", "size": 32293, "tags": [1, 2, 63], "url": "https://archive.org/download/hbmame0217/mpatrol.zip"}, "|games/hbmame/mspacman.zip": {"hash": "6794c0466a0d9606e9fa5686cceb9f12", "size": 878402, "tags": [1, 2, 5], "url": "https://archive.org/download/HBmame0.230-romsmerged/mspacman.zip"}, "|games/hbmame/pengo.zip": {"hash": "68869d82b8845aba9af846109d0d1303", "size": 67981, "tags": [1, 2, 68], "url": "https://archive.org/download/hbmame0217/pengo.zip"}, "|games/hbmame/phoenix.zip": {"hash": "287e8565b385ab327ba6ca9c644d8e1f", "size": 35952, "tags": [1, 2, 69], "url": "https://archive.org/download/hbmame0217/phoenix.zip"}, "|games/hbmame/pickin.zip": {"hash": "55a69174c9a7391ac175b873d17d77db", "size": 16726, "tags": [1, 2, 15], "url": "https://archive.org/download/hbmame0217/pickin.zip"}, "|games/hbmame/pisces.zip": {"hash": "f0dda207ab742579c2ebe32fc8636d92", "size": 21704, "tags": [1, 2, 14], "url": "https://archive.org/download/hbmame0217/pisces.zip"}, "|games/hbmame/pooyan.zip": {"hash": "b1ad326c8c5d889ef98338b5016887a4", "size": 38164, "tags": [1, 2, 72], "url": "https://archive.org/download/hbmame0217/pooyan.zip"}, "|games/hbmame/puckman.zip": {"hash": "96f7ebffdef185f67017a303151995dc", "size": 1043571, "tags": [1, 2, 5], "url": "https://archive.org/download/hbmame0220/puckman.zip"}, "|games/hbmame/robotron.zip": {"hash": "7f2247b3479487cde005821de2e87d32", "size": 60030, "tags": [1, 2, 6], "url": "https://archive.org/download/hbmame0217/robotron.zip"}, "|games/hbmame/sarge.zip": {"hash": "bee306b3a6f8ca23a514ca52481d807d", "size": 120984, "tags": [1, 2, 33], "url": "https://archive.org/download/hbmame0217/sarge.zip"}, "|games/hbmame/scramble.zip": {"hash": "d7981875b532e0e71d90e78b2441e6ae", "size": 31407, "tags": [1, 2, 7], "url": "https://archive.org/download/hbmame0217/scramble.zip"}, "|games/hbmame/shollow.zip": {"hash": "c09512ecefe79ca08a752ca6626b53e8", "size": 62618, "tags": [1, 2, 37], "url": "https://archive.org/download/hbmame0217/shollow.zip"}, "|games/hbmame/solomon.zip": {"hash": "275ef59a28b095d6130426ee95de91e3", "size": 206985, "tags": [1, 2, 77], "url": "https://archive.org/download/hbmame0217/solomon.zip"}, "|games/hbmame/tapper.zip": {"hash": "c79f36a4ececb27bf031b1227e9e704a", "size": 169841, "tags": [1, 2, 36], "url": "https://archive.org/download/hbmame0217/tapper.zip"}, "|games/hbmame/tron.zip": {"hash": "7b1c11d93aaa1323425ee652a1ef4280", "size": 60514, "tags": [1, 2, 37], "url": "https://archive.org/download/hbmame0217/tron.zip"}, "|games/hbmame/xevious.zip": {"hash": "cc5e72fec03c487ef8a05e7a8a4c9127", "size": 212867, "tags": [1, 2, 81], "url": "https://archive.org/download/hbmame0217/xevious.zip"}, "|games/mame/1941.zip": {"hash": "3c0808d3e472efc3c8e3bb28691fd5f9", "size": 3042127, "tags": [0, 2, 90], "url": "https://archive.org/download/MAME217RomsOnlyMerged/MAME%200.217%20ROMs%20%28merged%29.zip/1941.zip"}, "|games/mame/1942.zip": {"hash": "d3cc2427a1ccb6f221e3371712ad18ff", "size": 428660, "tags": [0, 2, 91], "url": "https://archive.org/download/MAME216RomsOnlyMerged/1942.zip"}, "|games/mame/1943.zip": {"hash": "c420fa612d630bdffd806883193454a9", "size": 805560, "tags": [0, 2, 92], "url": "https://archive.org/download/MAME216RomsOnlyMerged/1943.zip"}, "|games/mame/1943kai.zip": {"hash": "1b01f752d6c5ff8154b2b541eda1af52", "size": 313346, "tags": [0, 2, 92], "url": "https://archive.org/download/MAME216RomsOnlyMerged/1943kai.zip"}, "|games/mame/1943mii.zip": {"hash": "9345430bc2e9f663354746ff063c838c", "size": 313840, "tags": [0, 2, 92], "url": "https://archive.org/download/MAME216RomsOnlyMerged/1943mii.zip"}, "|games/mame/1944.zip": {"hash": "3ee05ceedd9a03a22dd66d32129a5022", "size": 16523620, "tags": [0, 2, 93], "url": "https://archive.org/download/mame.0229/1944.zip"}, "|games/mame/19xx.zip": {"hash": "f5e196912b9fdb4db96fe69ea1d6cf18", "size": 22052749, "tags": [0, 2, 93], "url": "https://archive.org/download/mame.0229/19xx.zip"}, "|games/mame/280zzzap.zip": {"hash": "6fda35567e29e62681add5de4c2d4f5b", "size": 5229, "tags": [0, 2, 3], "url": "https://archive.org/download/mame.0240/280zzzap.zip"}, "|games/mame/3wonders.zip": {"hash": "c4b8b023b941fe367e4c6cb6a32b2e3a", "size": 10156712, "tags": [0, 2, 90], "url": "https://archive.org/download/MAME217RomsOnlyMerged/MAME%200.217%20ROMs%20%28merged%29.zip/3wonders.zip"}, "|games/mame/4dwarrio.zip": {"hash": "f6026387472771f53a35d350b4ef9d31", "size": 103754, "tags": [0, 2, 4], "url": "https://archive.org/download/MAME216RomsOnlyMerged/4dwarrio.zip"}, "|games/mame/afighter.zip": {"hash": "cba1aae745662bf98a8390b683d96dbd", "size": 1500844, "tags": [0, 2, 94], "url": "https://archive.org/download/mame.0240/afighter.zip"}, "|games/mame/alexkidd.zip": {"hash": "c1b23d063fc36f7d420d88d61ef29a38", "size": 475538, "tags": [0, 2, 94], "url": "https://archive.org/download/mame.0240/alexkidd.zip"}, "|games/mame/alibaba.zip": {"hash": "a72b80d89fe1f993a888e50d584cfd44", "size": 23177, "tags": [0, 2, 5], "url": "https://archive.org/download/MAME220RomsOnlyMerged/alibaba.zip"}, "|games/mame/alienar.zip": {"hash": "1f0f1a6ca8bb377d7f86e3dd0c10f68a", "size": 19941, "tags": [0, 2, 6], "url": "https://archive.org/download/MAME218RomsOnlyMerged/MAME%200.218%20ROMs%20%28merged%29.zip/alienar.zip"}, "|games/mame/aliensyn.zip": {"hash": "dfc93a94fd8b6a55d217201a90a3b55c", "size": 1285233, "tags": [0, 2, 95], "url": "https://archive.org/download/mame.0240/aliensyn.zip"}, "|games/mame/altbeast.zip": {"hash": "f662b1af726fcb05be3ee21c879f0c53", "size": 3065750, "tags": [0, 2, 95], "url": "https://archive.org/download/mame.0240/altbeast.zip"}, "|games/mame/amazon.zip": {"hash": "c00a17dad75788d7f6a89afd2b02e241", "size": 284073, "tags": [0, 2, 135], "url": "https://archive.org/download/mame.0240/amazon.zip"}, "|games/mame/amidar.zip": {"hash": "5b43ab6eb727d154647179d88c2787d4", "size": 110230, "tags": [0, 2, 7], "url": "https://archive.org/download/MAME216RomsOnlyMerged/amidar.zip"}, "|games/mame/anteater.zip": {"hash": "5ebfeffed227c82e57d14e49e16bdc9c", "size": 45197, "tags": [0, 2, 7], "url": "https://archive.org/download/MAME216RomsOnlyMerged/anteater.zip"}, "|games/mame/arkanoid.zip": {"hash": "2a27bfc2bd8e70274d82cada76a53bb5", "size": 692236, "tags": [0, 2, 8], "url": "https://archive.org/download/MAME220RomsOnlyMerged/arkanoid.zip"}, "|games/mame/armedf.zip": {"hash": "c0831a37cb7876466311341ddfaa17eb", "size": 459825, "tags": [0, 2, 133], "url": "https://archive.org/download/mame.0240/armedf.zip"}, "|games/mame/armorcar.zip": {"hash": "4938989858b3acf768c751292098bbb1", "size": 28195, "tags": [0, 2, 7], "url": "https://archive.org/download/MAME216RomsOnlyMerged/armorcar.zip"}, "|games/mame/armwar.zip": {"hash": "f476a9e30acdd821b1309ba669939b4d", "size": 23793567, "tags": [0, 2, 93], "url": "https://archive.org/download/mame.0229/armwar.zip"}, "|games/mame/aso.zip": {"hash": "e092e31cc5bc6403aa6ed3e9310af4fb", "size": 203266, "tags": [0, 2, 9], "url": "https://archive.org/download/mame.0240/aso.zip"}, "|games/mame/astdelux.zip": {"hash": "bb4b405cdeadb78369d44144d54d8a09", "size": 21919, "tags": [0, 2, 10], "url": "https://archive.org/download/MAME216RomsOnlyMerged/astdelux.zip"}, "|games/mame/asteroid.zip": {"hash": "895c28da183ce25c3f1ca95c55291ceb", "size": 53949, "tags": [0, 2, 11], "url": "https://archive.org/download/MAME220RomsOnlyMerged/asteroid.zip"}, "|games/mame/atetris.zip": {"hash": "7d3662f2009220260825a949788fbe74", "size": 297368, "tags": [0, 2, 82], "url": "https://archive.org/download/MAME218RomsOnlyMerged/MAME%200.218%20ROMs%20%28merged%29.zip/atetris.zip"}, "|games/mame/athena.zip": {"hash": "34192281caa39ba0a47b01b31eb9d91a", "size": 236368, "tags": [0, 2, 13], "url": "https://archive.org/download/mame.0240/athena.zip"}, "|games/mame/atlantis.zip": {"hash": "af8a406af01e94f229eb087aa5070f03", "size": 29110, "tags": [0, 2, 7], "url": "https://archive.org/download/MAME217RomsOnlyMerged/MAME%200.217%20ROMs%20%28merged%29.zip/atlantis.zip"}, "|games/mame/attackfc.zip": {"hash": "065a7b23910ec17a180fdeb75a953d5d", "size": 5552, "tags": [0, 2, 3], "url": "https://archive.org/download/mame.0240/attackfc.zip"}, "|games/mame/aurail.zip": {"hash": "2788487f12a6cf89f6941e6c9e39755c", "size": 1814778, "tags": [0, 2, 95], "url": "https://archive.org/download/mame.0240/aurail.zip"}, "|games/mame/avsp.zip": {"hash": "d653f588335359f64ca6d4db844b9a5f", "size": 13378352, "tags": [0, 2, 93], "url": "https://archive.org/download/mame.0229/avsp.zip"}, "|games/mame/azurian.zip": {"hash": "ad7b957d75ebf418e6d5a2c9a08ca37e", "size": 11252, "tags": [0, 2, 14], "url": "https://archive.org/download/MAME220RomsOnlyMerged/azurian.zip"}, "|games/mame/baddudes.zip": {"hash": "c74acf9f0d36f19db5f85ccc22ed2f92", "size": 991918, "tags": [0, 2, 96], "url": "https://archive.org/download/mame.0240/baddudes.zip"}, "|games/mame/bagman.zip": {"hash": "e12931955a50dfeeb454c9197b1cb558", "size": 146643, "tags": [0, 2, 15], "url": "https://archive.org/download/MAME220RomsOnlyMerged/bagman.zip"}, "|games/mame/ballbomb.zip": {"hash": "bd95aa39956fa02fdd5ecbd68f0437c2", "size": 6936, "tags": [0, 2, 3], "url": "https://archive.org/download/MAME219RomsOnlyMerged/MAME%200.219%20ROMs%20%28merged%29.zip/ballbomb.zip"}, "|games/mame/batcir.zip": {"hash": "1b26bb9479c416bc17827bb861a026c0", "size": 13986953, "tags": [0, 2, 93], "url": "https://archive.org/download/mame.0229/batcir.zip"}, "|games/mame/battroad.zip": {"hash": "f2cddb64b2a991af538da95109b32147", "size": 70832, "tags": [0, 2, 54], "url": "https://archive.org/download/MAME221RomsOnlyMerged/battroad.zip"}, "|games/mame/bayroute.zip": {"hash": "02d554f987d5a4ee1a3a3d48ba01d114", "size": 1746606, "tags": [0, 2, 95], "url": "https://archive.org/download/mame.0240/bayroute.zip"}, "|games/mame/berzerk.zip": {"hash": "770814e0aa5ca71061f73c3908b5506f", "size": 59032, "tags": [0, 2, 16], "url": "https://archive.org/download/MAME220RomsOnlyMerged/berzerk.zip"}, "|games/mame/bilyard.zip": {"hash": "a2e8eb105b4c876535bc3915a21dc25a", "size": 11902, "tags": [0, 2, 18], "url": "https://archive.org/download/mame.0229/bilyard.zip"}, "|games/mame/bionicc.zip": {"hash": "d105d78fc89f56ba5cbb9fad97be1b32", "size": 1154892, "tags": [0, 2, 97], "url": "https://archive.org/download/MAME217RomsOnlyMerged/MAME%200.217%20ROMs%20%28merged%29.zip/bionicc.zip"}, "|games/mame/birdiy.zip": {"hash": "142e5b1014d2fd3767066e0b99154a1b", "size": 18617, "tags": [0, 2, 5], "url": "https://archive.org/download/MAME220RomsOnlyMerged/birdiy.zip"}, "|games/mame/blasto.zip": {"hash": "502daf4525449e633609630dc5f91ece", "size": 2992, "tags": [0, 2, 20], "url": "https://archive.org/download/mame.0229/blasto.zip"}, "|games/mame/blkhole.zip": {"hash": "1239158727cfbbb4deabaa9326f72c9b", "size": 10362, "tags": [0, 2, 14], "url": "https://archive.org/download/MAME220RomsOnlyMerged/blkhole.zip"}, "|games/mame/blktiger.zip": {"hash": "d7db5d7340e2c66739c14ae04670b4ce", "size": 1227726, "tags": [0, 2, 98], "url": "https://archive.org/download/MAME216RomsOnlyMerged/blktiger.zip"}, "|games/mame/block.zip": {"hash": "3a06d216eaab5859b013920a95f78eb7", "size": 1250527, "tags": [0, 2, 99], "url": "https://archive.org/download/mame.0240/block.zip"}, "|games/mame/blockade.zip": {"hash": "96610c8cd18a230e6b47e7f34f57c435", "size": 1598, "tags": [0, 2, 20], "url": "https://archive.org/download/mame.0229/blockade.zip"}, "|games/mame/blockgal.zip": {"hash": "688720b5ee698d34c6b05cfab7d40448", "size": 102494, "tags": [0, 2, 4], "url": "https://archive.org/download/MAME217RomsOnlyMerged/MAME%200.217%20ROMs%20%28merged%29.zip/blockgal.zip"}, "|games/mame/blueshrk.zip": {"hash": "28bb03ce25225370d575bcc7d7e1b4ed", "size": 9194, "tags": [0, 2, 3], "url": "https://archive.org/download/mame.0240/blueshrk.zip"}, "|games/mame/bodyslam.zip": {"hash": "c4fd17526804dbf0d230c7d1728c6bdd", "size": 633116, "tags": [0, 2, 94], "url": "https://archive.org/download/mame.0240/bodyslam.zip"}, "|games/mame/bombjack.zip": {"hash": "ed2df2f740865a3d3b8929548526a9c9", "size": 87346, "tags": [0, 2, 21], "url": "https://archive.org/download/MAME220RomsOnlyMerged/bombjack.zip"}, "|games/mame/boothill.zip": {"hash": "d1de980cd040a04cedfb7ff67a765d97", "size": 6091, "tags": [0, 2, 3], "url": "https://archive.org/download/mame.0240/boothill.zip"}, "|games/mame/botanic.zip": {"hash": "06cd560e8c105bb58b0246bf98bd26c7", "size": 44934, "tags": [0, 2, 15], "url": "https://archive.org/download/MAME220RomsOnlyMerged/botanic.zip"}, "|games/mame/bouldash.zip": {"hash": "0add0cbdf05961ba83d1598b9c481fb4", "size": 623176, "tags": [0, 2, 100], "url": "https://archive.org/download/mame.0240/bouldash.zip"}, "|games/mame/brubber.zip": {"hash": "f99d5e161e565a6fc4c6cd92c84ebbcc", "size": 67703, "tags": [0, 2, 23], "url": "https://archive.org/download/MAME220RomsOnlyMerged/brubber.zip"}, "|games/mame/btime.zip": {"hash": "99723a27193ec8ca3c69dfcd40005889", "size": 77335, "tags": [0, 2, 22], "url": "https://archive.org/download/mame.0229/btime.zip"}, "|games/mame/bubbles.zip": {"hash": "5f06a97a0e501d16b5a44d28b5355b2b", "size": 93754, "tags": [0, 2, 6], "url": "https://archive.org/download/MAME218RomsOnlyMerged/MAME%200.218%20ROMs%20%28merged%29.zip/bubbles.zip"}, "|games/mame/bublbobl.zip": {"hash": "32288a9529adea6af7b7eae4f7b0937d", "size": 1414483, "tags": [0, 2, 101], "url": "https://archive.org/download/mame.0240/bublbobl.zip"}, "|games/mame/bullet.zip": {"hash": "17d08acb2758efa2b1634703c13c9398", "size": 372166, "tags": [0, 2, 95], "url": "https://archive.org/download/mame.0240/bullet.zip"}, "|games/mame/bullfgt.zip": {"hash": "1db6fc31c03fdfa4dfa1736f8a4d2b09", "size": 108503, "tags": [0, 2, 4], "url": "https://archive.org/download/MAME217RomsOnlyMerged/MAME%200.217%20ROMs%20%28merged%29.zip/bullfgt.zip"}, "|games/mame/bwidow.zip": {"hash": "c09b9e89f1f97c8c8722a8b4fe66d4ec", "size": 43790, "tags": [0, 2, 19], "url": "https://archive.org/download/MAME218RomsOnlyMerged/MAME%200.218%20ROMs%20%28merged%29.zip/bwidow.zip"}, "|games/mame/calipso.zip": {"hash": "6b24c0423a1b613600b38683ae031862", "size": 19674, "tags": [0, 2, 7], "url": "https://archive.org/download/MAME216RomsOnlyMerged/calipso.zip"}, "|games/mame/canyon.zip": {"hash": "82309564b6237234e89b7cc7f50210ad", "size": 6492, "tags": [0, 2, 24], "url": "https://archive.org/download/MAME220RomsOnlyMerged/canyon.zip"}, "|games/mame/captcomm.zip": {"hash": "67ccb20ed2008e0913b4e59b76ff6818", "size": 8811558, "tags": [0, 2, 90], "url": "https://archive.org/download/MAME217RomsOnlyMerged/MAME%200.217%20ROMs%20%28merged%29.zip/captcomm.zip"}, "|games/mame/catacomb.zip": {"hash": "e61554ef95709a6406fd3be2a477f265", "size": 6934, "tags": [0, 2, 14], "url": "https://archive.org/download/MAME217RomsOnlyMerged/MAME%200.217%20ROMs%20%28merged%29.zip/catacomb.zip"}, "|games/mame/cavenger.zip": {"hash": "389494995406e1e56bef93622667feb4", "size": 21980, "tags": [0, 2, 28], "url": "https://archive.org/download/MAME220RomsOnlyMerged/cavenger.zip"}, "|games/mame/cawing.zip": {"hash": "acefdc4eab538793a491e4491d090a09", "size": 6538790, "tags": [0, 2, 90], "url": "https://archive.org/download/MAME217RomsOnlyMerged/MAME%200.217%20ROMs%20%28merged%29.zip/cawing.zip"}, "|games/mame/cclimber.zip": {"hash": "8daa67ee4c18c733b0e8414c04150d5d", "size": 107307, "tags": [0, 2, 31], "url": "https://archive.org/download/MAME216RomsOnlyMerged/cclimber.zip"}, "|games/mame/cclimbr2.zip": {"hash": "f0e798f9f6e0e5c10e91c19c06ea83d1", "size": 382693, "tags": [0, 2, 133], "url": "https://archive.org/download/mame.0240/cclimbr2.zip"}, "|games/mame/centiped.zip": {"hash": "46c29b310f33a6ecacaaa2011fa2d57e", "size": 86196, "tags": [0, 2, 25], "url": "https://archive.org/download/MAME218RomsOnlyMerged/MAME%200.218%20ROMs%20%28merged%29.zip/centiped.zip"}, "|games/mame/choko.zip": {"hash": "0146e204c52d62592675ed1f4c94f04c", "size": 4924013, "tags": [0, 2, 93], "url": "https://archive.org/download/mame.0229/choko.zip"}, "|games/mame/ckong.zip": {"hash": "da9409b7ef01b460df3e7e01b036e465", "size": 235727, "tags": [0, 2, 17], "url": "https://archive.org/download/mame.0240/ckong.zip"}, "|games/mame/ckongpt2.zip": {"hash": "0a3358aba1800efb3157b16b3763cb47", "size": 68222, "tags": [0, 2, 17], "url": "https://archive.org/download/MAME224RomsOnlyMerged/ckongpt2.zip"}, "|games/mame/clowns.zip": {"hash": "9af4f2261af4732e15bf537f0b3fd04c", "size": 10873, "tags": [0, 2, 3], "url": "https://archive.org/download/MAME218RomsOnlyMerged/MAME%200.218%20ROMs%20%28merged%29.zip/clowns.zip"}, "|games/mame/clubpacm.zip": {"hash": "717685dd7034cf6604bf7438ffa50256", "size": 59975, "tags": [0, 2, 5], "url": "https://archive.org/download/MAME220RomsOnlyMerged/clubpacm.zip"}, "|games/mame/colony7.zip": {"hash": "ef41f79c98b6a10800ac802bb53fcd97", "size": 24340, "tags": [0, 2, 26], "url": "https://archive.org/download/MAME216RomsOnlyMerged/colony7.zip"}, "|games/mame/combatsc.zip": {"hash": "f511e129d1a1830ce0b2b6fe0e8db659", "size": 1255536, "tags": [0, 2, 103], "url": "https://archive.org/download/MAME222RomsOnlyMerged/combatsc.zip"}, "|games/mame/commando.zip": {"hash": "c6af4a2a2579bcd9bc3df065e8d5c894", "size": 432187, "tags": [0, 2, 104], "url": "https://archive.org/download/mame.0240/commando.zip"}, "|games/mame/comotion.zip": {"hash": "a12f72afd53c99a818c0955658eb040b", "size": 2593, "tags": [0, 2, 20], "url": "https://archive.org/download/mame.0229/comotion.zip"}, "|games/mame/contra.zip": {"hash": "026d1f85a7e541b1b19e2cce3f9ca45b", "size": 1310285, "tags": [0, 2, 105], "url": "https://archive.org/download/mame.0229/contra.zip"}, "|games/mame/cosmica.zip": {"hash": "55fe3e5add661cdbd3b25d602e6812a0", "size": 37347, "tags": [0, 2, 27], "url": "https://archive.org/download/MAME219RomsOnlyMerged/MAME%200.219%20ROMs%20%28merged%29.zip/cosmica.zip"}, "|games/mame/cosmo.zip": {"hash": "94ea97b16945acf8fea418a746f3001d", "size": 10011, "tags": [0, 2, 3], "url": "https://archive.org/download/mame.0240/cosmo.zip"}, "|games/mame/cotton.zip": {"hash": "62bff713986f9e9ce4b2dc9ef9e82be9", "size": 2704896, "tags": [0, 2, 95], "url": "https://archive.org/download/mame.0240/cotton.zip"}, "|games/mame/crater.zip": {"hash": "dcca5d707f10ae1fc936869d42c120ba", "size": 68430, "tags": [0, 2, 29], "url": "https://archive.org/download/MAME216RomsOnlyMerged/crater.zip"}, "|games/mame/crbaloon.zip": {"hash": "eb64965b7cab650cdbffc53efdcc1384", "size": 15835, "tags": [0, 2, 30], "url": "https://archive.org/download/MAME219RomsOnlyMerged/MAME%200.219%20ROMs%20%28merged%29.zip/crbaloon.zip"}, "|games/mame/crush.zip": {"hash": "dad2c12c392e7f85dc5e33f188505abb", "size": 205278, "tags": [0, 2, 5], "url": "https://archive.org/download/MAME220RomsOnlyMerged/crush.zip"}, "|games/mame/csclub.zip": {"hash": "28510524851cdd16d175d37da80b1048", "size": 15149311, "tags": [0, 2, 93], "url": "https://archive.org/download/mame.0229/csclub.zip"}, "|games/mame/cworld.zip": {"hash": "7b957f3061527245dd049f0afd9cf88a", "size": 728155, "tags": [0, 2, 99], "url": "https://archive.org/download/mame.0240/cworld.zip"}, "|games/mame/cworld2j.zip": {"hash": "ed83e43d7d5a11990ee8876bac587709", "size": 3335927, "tags": [0, 2, 90], "url": "https://archive.org/download/MAME217RomsOnlyMerged/MAME%200.217%20ROMs%20%28merged%29.zip/cworld2j.zip"}, "|games/mame/cybots.zip": {"hash": "70dcbebae7d2b94b59b4779c5c30d2ed", "size": 22082147, "tags": [0, 2, 93], "url": "https://archive.org/download/mame.0229/cybots.zip"}, "|games/mame/darkplnt.zip": {"hash": "1aeb87dc8bb0d8879c950548d1f76f52", "size": 26182, "tags": [0, 2, 7], "url": "https://archive.org/download/MAME209RomsOnlyMerged/darkplnt.zip"}, "|games/mame/ddonpach.zip": {"hash": "58a82638a2aa7e4e40b32bf365bff17d", "size": 9734822, "tags": [0, 2, 32], "url": "https://archive.org/download/mame.0240/ddonpach.zip"}, "|games/mame/ddragon.zip": {"hash": "79d6a32a5345b42e1aca092e81599572", "size": 1739108, "tags": [0, 2, 106], "url": "https://archive.org/download/MAME223RomsOnlyMerged/ddragon.zip"}, "|games/mame/ddragon2.zip": {"hash": "390dca6dc7d8cfbed5cdd33d66ac404a", "size": 1525950, "tags": [0, 2, 106], "url": "https://archive.org/download/MAME223RomsOnlyMerged/ddragon2.zip"}, "|games/mame/ddsom.zip": {"hash": "4ed17aad7b83a6c41daf391b2837e8b0", "size": 30835569, "tags": [0, 2, 93], "url": "https://archive.org/download/mame.0229/ddsom.zip"}, "|games/mame/ddtod.zip": {"hash": "981432736bd85e1113b8df779299a64a", "size": 21313075, "tags": [0, 2, 93], "url": "https://archive.org/download/mame.0229/ddtod.zip"}, "|games/mame/ddux.zip": {"hash": "d88ffe634dd8105408f1dc790d113f09", "size": 1462652, "tags": [0, 2, 95], "url": "https://archive.org/download/mame.0240/ddux.zip"}, "|games/mame/defender.zip": {"hash": "3aea5133f6a98b0c600b45c47c31ea72", "size": 181280, "tags": [0, 2, 26], "url": "https://archive.org/download/MAME218RomsOnlyMerged/MAME%200.218%20ROMs%20%28merged%29.zip/defender.zip"}, "|games/mame/demoderb.zip": {"hash": "06b89c6a6ed41f043c626d775144667a", "size": 119482, "tags": [0, 2, 33], "url": "https://archive.org/download/MAME216RomsOnlyMerged/demoderb.zip"}, "|games/mame/devilfsh.zip": {"hash": "621223681e5ce11db0e323465a6a65ef", "size": 33791, "tags": [0, 2, 14], "url": "https://archive.org/download/mame.0240/devilfsh.zip"}, "|games/mame/devzone.zip": {"hash": "e55952d0b0575c713d8afc23fb2f0d42", "size": 23802, "tags": [0, 2, 27], "url": "https://archive.org/download/MAME219RomsOnlyMerged/MAME%200.219%20ROMs%20%28merged%29.zip/devzone.zip"}, "|games/mame/digdug.zip": {"hash": "271992dea35a3a8f1d0997a220a8a2b4", "size": 103908, "tags": [0, 2, 34], "url": "https://archive.org/download/MAME220RomsOnlyMerged/digdug.zip"}, "|games/mame/digdug2.zip": {"hash": "f483c56d6e523ac9077beb45f3b66f72", "size": 54389, "tags": [0, 2, 35], "url": "https://archive.org/download/MAME220RomsOnlyMerged/digdug2.zip"}, "|games/mame/dimahoo.zip": {"hash": "3358ee6cddda33da2314f983b623e735", "size": 15505827, "tags": [0, 2, 93], "url": "https://archive.org/download/mame.0229/dimahoo.zip"}, "|games/mame/dino.zip": {"hash": "981b8ac9083b679da4408170c2af4fcf", "size": 14230762, "tags": [0, 2, 102], "url": "https://archive.org/download/MAME217RomsOnlyMerged/MAME%200.217%20ROMs%20%28merged%29.zip/dino.zip"}, "|games/mame/dkong.zip": {"hash": "e883b4225a76a79f38cf1db7c340aa8e", "size": 239481, "tags": [0, 2, 39], "url": "https://archive.org/download/MAME220RomsOnlyMerged/dkong.zip"}, "|games/mame/dkong3.zip": {"hash": "07e360303a2cc4a699652192ccdf7aaf", "size": 138608, "tags": [0, 2, 40], "url": "https://archive.org/download/MAME220RomsOnlyMerged/dkong3.zip"}, "|games/mame/dkongjr.zip": {"hash": "628ef6e92a2126b82a4543f6caa130d1", "size": 297480, "tags": [0, 2, 41], "url": "https://archive.org/download/MAME217RomsOnlyMerged/MAME%200.217%20ROMs%20%28merged%29.zip/dkongjr.zip"}, "|games/mame/dokaben.zip": {"hash": "93e491fd9e751851b975cc9de08e2209", "size": 612761, "tags": [0, 2, 99], "url": "https://archive.org/download/mame.0240/dokaben.zip"}, "|games/mame/domino.zip": {"hash": "cd5b5e54ef59a32cdb01a2628c76edae", "size": 40571, "tags": [0, 2, 37], "url": "https://archive.org/download/MAME216RomsOnlyMerged/domino.zip"}, "|games/mame/dominos.zip": {"hash": "6a107d3e6660ea7188541213475c1b89", "size": 7787, "tags": [0, 2, 38], "url": "https://archive.org/download/MAME220RomsOnlyMerged/dominos.zip"}, "|games/mame/donpachi.zip": {"hash": "5bcfc3374fc9b0c16070f1ac42f3dc63", "size": 5641310, "tags": [0, 2, 32], "url": "https://archive.org/download/mame.0240/donpachi.zip"}, "|games/mame/dorodon.zip": {"hash": "0917ee6d509e0484f57df8594baa93ed", "size": 45863, "tags": [0, 2, 28], "url": "https://archive.org/download/MAME220RomsOnlyMerged/dorodon.zip"}, "|games/mame/dotrikun.zip": {"hash": "dc818e03bfade13154f14d6fe4ba34e6", "size": 8586, "tags": [0, 2, 42], "url": "https://archive.org/download/mame.0240/dotrikun.zip"}, "|games/mame/dotron.zip": {"hash": "d20b2453ce7b850b96463aaa13571fb1", "size": 165657, "tags": [0, 2, 36], "url": "https://archive.org/download/MAME218RomsOnlyMerged/MAME%200.218%20ROMs%20%28merged%29.zip/dotron.zip"}, "|games/mame/dremshpr.zip": {"hash": "31e4679db64d0ce6da96f38436baf7cb", "size": 23110, "tags": [0, 2, 5], "url": "https://archive.org/download/MAME220RomsOnlyMerged/dremshpr.zip"}, "|games/mame/dstlk.zip": {"hash": "df9e9850b94e1a1b0f72cea0e5501511", "size": 25008958, "tags": [0, 2, 93], "url": "https://archive.org/download/mame.0229/dstlk.zip"}, "|games/mame/dunkshot.zip": {"hash": "b1ccfded399a10f5d11db76df9c3c4df", "size": 482865, "tags": [0, 2, 95], "url": "https://archive.org/download/mame.0240/dunkshot.zip"}, "|games/mame/dynwar.zip": {"hash": "380cde51eb508a1589f8a3ad36c88019", "size": 4751463, "tags": [0, 2, 90], "url": "https://archive.org/download/MAME217RomsOnlyMerged/MAME%200.217%20ROMs%20%28merged%29.zip/dynwar.zip"}, "|games/mame/ebases.zip": {"hash": "9474f20262283272c1687d01380a97fb", "size": 12172, "tags": [0, 2, 43], "url": "https://archive.org/download/MAME219RomsOnlyMerged/MAME%200.219%20ROMs%20%28merged%29.zip/ebases.zip"}, "|games/mame/ecofghtr.zip": {"hash": "cc7a9712662d884d9203e6f8d3797805", "size": 15090363, "tags": [0, 2, 93], "url": "https://archive.org/download/mame.0229/ecofghtr.zip"}, "|games/mame/eeekk.zip": {"hash": "8f6cc22620d373e4e7ac2b0803166626", "size": 37202, "tags": [0, 2, 5], "url": "https://archive.org/download/MAME220RomsOnlyMerged/eeekk.zip"}, "|games/mame/eggor.zip": {"hash": "b891df5d59d7b0faa260b9f7118b4a8e", "size": 15733, "tags": [0, 2, 5], "url": "https://archive.org/download/MAME220RomsOnlyMerged/eggor.zip"}, "|games/mame/esprade.zip": {"hash": "8b3767b52e0605882343390841fe49a6", "size": 14951952, "tags": [0, 2, 32], "url": "https://archive.org/download/mame.0240/esprade.zip"}, "|games/mame/eswat.zip": {"hash": "f27e550daf063fef76eb90a88714ff4c", "size": 4372664, "tags": [0, 2, 95], "url": "https://archive.org/download/mame.0240/eswat.zip"}, "|games/mame/exedexes.zip": {"hash": "351cf01092addfd0aa74a94e5a746b36", "size": 109600, "tags": [0, 2, 107], "url": "https://archive.org/download/mame.0240/exedexes.zip"}, "|games/mame/eyes.zip": {"hash": "499bbc8b9b2c66fd9e99fff747732b32", "size": 66954, "tags": [0, 2, 5], "url": "https://archive.org/download/MAME220RomsOnlyMerged/eyes.zip"}, "|games/mame/f1dream.zip": {"hash": "7c3dc7ab68812cc1a7d1cf0207a44e9d", "size": 491699, "tags": [0, 2, 108], "url": "https://archive.org/download/MAME216RomsOnlyMerged/f1dream.zip"}, "|games/mame/fantzn2.zip": {"hash": "887bf1d9b597b00f0c8abf1a1578ce84", "size": 191570, "tags": [0, 2, 12], "url": "https://archive.org/download/mame.0240/fantzn2.zip"}, "|games/mame/fantzn2x.zip": {"hash": "ba74241cb50058653bea4ecc91345161", "size": 1392090, "tags": [0, 2, 95], "url": "https://archive.org/download/mame.0240/fantzn2x.zip"}, "|games/mame/fantzone.zip": {"hash": "c9bc0968744d4355d32b0bcbce6017d3", "size": 945684, "tags": [0, 2, 94], "url": "https://archive.org/download/mame.0240/fantzone.zip"}, "|games/mame/fastlane.zip": {"hash": "98e2f39288deb63115ee1c06d27b58e6", "size": 633828, "tags": [0, 2, 109], "url": "https://archive.org/download/mame.0240/fastlane.zip"}, "|games/mame/feversos.zip": {"hash": "6601fa060038d9ab9ba2a78558243e24", "size": 7330276, "tags": [0, 2, 32], "url": "https://archive.org/download/mame.0240/feversos.zip"}, "|games/mame/ffight.zip": {"hash": "db12c617be5acffa8104e8ca3a0239d1", "size": 7598216, "tags": [0, 2, 90], "url": "https://archive.org/download/MAME217RomsOnlyMerged/MAME%200.217%20ROMs%20%28merged%29.zip/ffight.zip"}, "|games/mame/finalizr.zip": {"hash": "e9ad93c34e548663a318346158b9b90a", "size": 148826, "tags": [0, 2, 44], "url": "https://archive.org/download/mame.0240/finalizr.zip"}, "|games/mame/fitegolf.zip": {"hash": "8ea2b1c186af5565beb58bd457e2995a", "size": 213156, "tags": [0, 2, 13], "url": "https://archive.org/download/mame.0240/fitegolf.zip"}, "|games/mame/flicky.zip": {"hash": "8524ec54ea8ab3f7104fdaf6cccd045d", "size": 182003, "tags": [0, 2, 4], "url": "https://archive.org/download/MAME217RomsOnlyMerged/MAME%200.217%20ROMs%20%28merged%29.zip/flicky.zip"}, "|games/mame/foodf.zip": {"hash": "a0137699844e060a2d9774d7170e915f", "size": 148862, "tags": [0, 2, 45], "url": "https://archive.org/download/MAME220RomsOnlyMerged/foodf.zip"}, "|games/mame/forgottn.zip": {"hash": "410c47d45028f36b85084e7c614e2d46", "size": 4145672, "tags": [0, 2, 90], "url": "https://archive.org/download/MAME217RomsOnlyMerged/MAME%200.217%20ROMs%20%28merged%29.zip/forgottn.zip"}, "|games/mame/fpoint.zip": {"hash": "63b0230c79cdea0219199d316c0309b3", "size": 527371, "tags": [0, 2, 95], "url": "https://archive.org/download/mame.0240/fpoint.zip"}, "|games/mame/frenzy.zip": {"hash": "7e77bdead7e8f4be8d0517dda8d74a7f", "size": 16896, "tags": [0, 2, 46], "url": "https://archive.org/download/MAME220RomsOnlyMerged/frenzy.zip"}, "|games/mame/frogger.zip": {"hash": "f40753e2d83fb55ebfca1121ee285043", "size": 138679, "tags": [0, 2, 7], "url": "https://archive.org/download/MAME216RomsOnlyMerged/frogger.zip"}, "|games/mame/futspy.zip": {"hash": "ebd42eff9f42a022de62ec15b50c6d21", "size": 48411, "tags": [0, 2, 47], "url": "https://archive.org/download/mame.0240/futspy.zip"}, "|games/mame/gaia.zip": {"hash": "c0e9d2368a6c052bae79fb3d0148b145", "size": 19234588, "tags": [0, 2, 32], "url": "https://archive.org/download/mame.0240/gaia.zip"}, "|games/mame/galaga.zip": {"hash": "33ee1dae8d93c0ce16b79102a443d796", "size": 97662, "tags": [0, 2, 48], "url": "https://archive.org/download/mame.0229/galaga.zip"}, "|games/mame/galaxian.zip": {"hash": "adc00a0e9f5aee26685728b5f55be843", "size": 193951, "tags": [0, 2, 14], "url": "https://archive.org/download/MAME220RomsOnlyMerged/galaxian.zip"}, "|games/mame/galxwars.zip": {"hash": "c9c79bdea83cc9d740977108428f545e", "size": 33223, "tags": [0, 2, 3], "url": "https://archive.org/download/mame.0240/galxwars.zip"}, "|games/mame/ganbare.zip": {"hash": "28a094676503b05bba5638ee55745b47", "size": 660566, "tags": [0, 2, 90], "url": "https://archive.org/download/MAME217RomsOnlyMerged/MAME%200.217%20ROMs%20%28merged%29.zip/ganbare.zip"}, "|games/mame/gaplus.zip": {"hash": "127167553a4d86415d6b6b84af1c1689", "size": 191054, "tags": [0, 2, 49], "url": "https://archive.org/download/mame.0240/gaplus.zip"}, "|games/mame/gaunt2.zip": {"hash": "e3b273fe91a0a34c3dab13781cb4205b", "size": 628940, "tags": [0, 2, 50], "url": "https://archive.org/download/mame.0240/gaunt2.zip"}, "|games/mame/gauntlet.zip": {"hash": "bc1d0c1480b2de49168132cd8f0e3f97", "size": 1289823, "tags": [0, 2, 50], "url": "https://archive.org/download/mame.0240/gauntlet.zip"}, "|games/mame/gberet.zip": {"hash": "095792c53890bd74ced7a4c4af955032", "size": 192073, "tags": [0, 2, 52], "url": "https://archive.org/download/MAME220RomsOnlyMerged/gberet.zip"}, "|games/mame/gemini.zip": {"hash": "37891860433cc778f230a86e582f4419", "size": 454617, "tags": [0, 2, 51], "url": "https://archive.org/download/MAME220RomsOnlyMerged/gemini.zip"}, "|games/mame/ghouls.zip": {"hash": "321baed3315ec62b8b82776122a641be", "size": 3711209, "tags": [0, 2, 90], "url": "https://archive.org/download/MAME217RomsOnlyMerged/MAME%200.217%20ROMs%20%28merged%29.zip/ghouls.zip"}, "|games/mame/gigawing.zip": {"hash": "bda236486d963b8fa7d806c6af9f87e4", "size": 16442419, "tags": [0, 2, 93], "url": "https://archive.org/download/mame.0229/gigawing.zip"}, "|games/mame/gng.zip": {"hash": "940e148ff796c5bad816672a5ecf07d8", "size": 662087, "tags": [0, 2, 110], "url": "https://archive.org/download/mame.0240/gng.zip"}, "|games/mame/goldnaxe.zip": {"hash": "fe0985fb3f996cc3a622b962a31a9bd7", "size": 4181894, "tags": [0, 2, 95], "url": "https://archive.org/download/mame.0240/goldnaxe.zip"}, "|games/mame/gorf.zip": {"hash": "aabc0f2026e49c0e3e13f94767f80539", "size": 50019, "tags": [0, 2, 43], "url": "https://archive.org/download/MAME219RomsOnlyMerged/MAME%200.219%20ROMs%20%28merged%29.zip/gorf.zip"}, "|games/mame/gorodki.zip": {"hash": "4b37dca7e5b5a0f70d087236f28784fd", "size": 15093, "tags": [0, 2, 18], "url": "https://archive.org/download/mame.0229/gorodki.zip"}, "|games/mame/gravitar.zip": {"hash": "79c19547778ebcc916c15fce6cdbf1e4", "size": 113328, "tags": [0, 2, 19], "url": "https://archive.org/download/MAME218RomsOnlyMerged/MAME%200.218%20ROMs%20%28merged%29.zip/gravitar.zip"}, "|games/mame/grobda.zip": {"hash": "623c95e7e8068402336bea054e7ff507", "size": 48874, "tags": [0, 2, 35], "url": "https://archive.org/download/mame.0229/grobda.zip"}, "|games/mame/gulunpa.zip": {"hash": "7560ac71ffd13abaf5bedbc64a94cf54", "size": 462130, "tags": [0, 2, 90], "url": "https://archive.org/download/MAME221RomsOnlyMerged/gulunpa.zip"}, "|games/mame/gunfight.zip": {"hash": "54959f6baa201c64971430d934f93393", "size": 7423, "tags": [0, 2, 3], "url": "https://archive.org/download/mame.0240/gunfight.zip"}, "|games/mame/gunsmoke.zip": {"hash": "fc2419d1dd38b49dbb9c675d7f4da015", "size": 336121, "tags": [0, 2, 111], "url": "https://archive.org/download/MAME216RomsOnlyMerged/gunsmoke.zip"}, "|games/mame/guwange.zip": {"hash": "dc94c83b75d63936bb46104968ac21a9", "size": 19157558, "tags": [0, 2, 32], "url": "https://archive.org/download/mame.0240/guwange.zip"}, "|games/mame/gyruss.zip": {"hash": "1a82e6dcfc2563ab27e6f2e3129dc429", "size": 85756, "tags": [0, 2, 53], "url": "https://archive.org/download/MAME218RomsOnlyMerged/MAME%200.218%20ROMs%20%28merged%29.zip/gyruss.zip"}, "|games/mame/hangonjr.zip": {"hash": "ca9ef5c144ca8bf110a0ae135569e06f", "size": 78162, "tags": [0, 2, 12], "url": "https://archive.org/download/mame.0240/hangonjr.zip"}, "|games/mame/hbarrel.zip": {"hash": "28ee0cbb6ebdcbe1145c90fcb6102e8a", "size": 684208, "tags": [0, 2, 96], "url": "https://archive.org/download/mame.0240/hbarrel.zip"}, "|games/mame/hellfire.zip": {"hash": "83ab58003f989b773a3b19209fbe1f09", "size": 566016, "tags": [0, 2, 134], "url": "https://archive.org/download/mame.0229/hellfire.zip"}, "|games/mame/higemaru.zip": {"hash": "dc4cd7b57509fb15289f6984a26c7a6f", "size": 31822, "tags": [0, 2, 120], "url": "https://archive.org/download/MAME217RomsOnlyMerged/MAME%200.217%20ROMs%20%28merged%29.zip/higemaru.zip"}, "|games/mame/hippodrm.zip": {"hash": "c35862b7a30de848edd12fb19a8fb301", "size": 1504348, "tags": [0, 2, 112], "url": "https://archive.org/download/mame.0240/hippodrm.zip"}, "|games/mame/horekid.zip": {"hash": "9a48cae46709d195cb78aff05c477f25", "size": 344294, "tags": [0, 2, 135], "url": "https://archive.org/download/mame.0240/horekid.zip"}, "|games/mame/horizon.zip": {"hash": "21b597c037ed916c56d254b5a92eabd6", "size": 84661, "tags": [0, 2, 54], "url": "https://archive.org/download/MAME221RomsOnlyMerged/horizon.zip"}, "|games/mame/hsf2.zip": {"hash": "92d98ea467b8839dd246b4ca04d8b87c", "size": 23300824, "tags": [0, 2, 93], "url": "https://archive.org/download/mame.0229/hsf2.zip"}, "|games/mame/hustle.zip": {"hash": "97a3a5bc7a103f17af199d8eb276b998", "size": 2919, "tags": [0, 2, 20], "url": "https://archive.org/download/mame.0229/hustle.zip"}, "|games/mame/hyperspt.zip": {"hash": "3e15913108f314bcc17bc65d76104f8f", "size": 160921, "tags": [0, 2, 113], "url": "https://archive.org/download/mame.0240/hyperspt.zip"}, "|games/mame/imsorry.zip": {"hash": "b2fc1ec7d6f0d9cbb3e0ce00c3669ddd", "size": 103638, "tags": [0, 2, 4], "url": "https://archive.org/download/MAME217RomsOnlyMerged/MAME%200.217%20ROMs%20%28merged%29.zip/imsorry.zip"}, "|games/mame/invad2ct.zip": {"hash": "f1a4bf24645f47c5e34713346868016b", "size": 8791, "tags": [0, 2, 3], "url": "https://archive.org/download/mame.0240/invad2ct.zip"}, "|games/mame/invaders.zip": {"hash": "277da7c566b6def359ae67dbbf5c5042", "size": 235788, "tags": [0, 2, 3], "url": "https://archive.org/download/mame.0240/invaders.zip"}, "|games/mame/invadpt2.zip": {"hash": "1ab195e384dc7a9bc9f666239f198819", "size": 40183, "tags": [0, 2, 3], "url": "https://archive.org/download/mame.0240/invadpt2.zip"}, "|games/mame/ironhors.zip": {"hash": "a1b65a6ac62c7b47824fc98d21c1ce8f", "size": 330583, "tags": [0, 2, 55], "url": "https://archive.org/download/MAME224RomsOnlyMerged/ironhors.zip"}, "|games/mame/jackal.zip": {"hash": "fa728a476360313892df457129d0a609", "size": 940432, "tags": [0, 2, 56], "url": "https://archive.org/download/MAME224RomsOnlyMerged/jackal.zip"}, "|games/mame/jailbrek.zip": {"hash": "fa8fd6fda7295afb76deb0c0a054be6f", "size": 174769, "tags": [0, 2, 57], "url": "https://archive.org/download/MAME224RomsOnlyMerged/jailbrek.zip"}, "|games/mame/jin.zip": {"hash": "07eafbf03f9c38e60915170b784c8330", "size": 14013, "tags": [0, 2, 26], "url": "https://archive.org/download/MAME218RomsOnlyMerged/MAME%200.218%20ROMs%20%28merged%29.zip/jin.zip"}, "|games/mame/journey.zip": {"hash": "c1ced51ec0f67842a6f5b8d793245238", "size": 67946, "tags": [0, 2, 36], "url": "https://archive.org/download/MAME216RomsOnlyMerged/journey.zip"}, "|games/mame/joust.zip": {"hash": "62d6ec96e9a67fb90415503e3dbfcba8", "size": 66848, "tags": [0, 2, 6], "url": "https://archive.org/download/MAME218RomsOnlyMerged/MAME%200.218%20ROMs%20%28merged%29.zip/joust.zip"}, "|games/mame/joust2.zip": {"hash": "ba6038cc5eee71744f694fb041ff2d72", "size": 188793, "tags": [0, 2, 58], "url": "https://archive.org/download/mame.0240/joust2.zip"}, "|games/mame/jumpshot.zip": {"hash": "0ce2c968672925c40fe0ca5a4724eef9", "size": 35079, "tags": [0, 2, 5], "url": "https://archive.org/download/MAME220RomsOnlyMerged/jumpshot.zip"}, "|games/mame/jyangoku.zip": {"hash": "d9e9b2c831408723d2a629a73f3098f6", "size": 3945067, "tags": [0, 2, 93], "url": "https://archive.org/download/mame.0229/jyangoku.zip"}, "|games/mame/kick.zip": {"hash": "a92bf4177c12ee277822aa0ebccb3e7a", "size": 79626, "tags": [0, 2, 59], "url": "https://archive.org/download/MAME216RomsOnlyMerged/kick.zip"}, "|games/mame/kicker.zip": {"hash": "e3a8d85695bfcf2a98d942c0d77901c2", "size": 80209, "tags": [0, 2, 114], "url": "https://archive.org/download/mame.0240/kicker.zip"}, "|games/mame/kidniki.zip": {"hash": "9c89f342bcb4757ea70072d470e92308", "size": 719013, "tags": [0, 2, 54], "url": "https://archive.org/download/MAME221RomsOnlyMerged/kidniki.zip"}, "|games/mame/kingball.zip": {"hash": "afdf43ff7c6bb6deddfbdeacd9952a63", "size": 22079, "tags": [0, 2, 14], "url": "https://archive.org/download/MAME216RomsOnlyMerged/kingball.zip"}, "|games/mame/knights.zip": {"hash": "defb93bebb1fe6ba9afdeb454c499315", "size": 9904490, "tags": [0, 2, 90], "url": "https://archive.org/download/MAME217RomsOnlyMerged/MAME%200.217%20ROMs%20%28merged%29.zip/knights.zip"}, "|games/mame/kod.zip": {"hash": "52cca577e7aad409817b231c3a284725", "size": 7793713, "tags": [0, 2, 90], "url": "https://archive.org/download/mame.0240/kod.zip"}, "|games/mame/konek.zip": {"hash": "c7fb11bfc778aa674eec8ab3fd729f0f", "size": 30665, "tags": [0, 2, 18], "url": "https://archive.org/download/mame.0229/konek.zip"}, "|games/mame/koroleva.zip": {"hash": "5a97f572b54c3fa553f30164c28dfe1f", "size": 28250, "tags": [0, 2, 18], "url": "https://archive.org/download/mame.0229/koroleva.zip"}, "|games/mame/kot.zip": {"hash": "4cdb2d436465a076dae2d76b1b9ed818", "size": 35269, "tags": [0, 2, 18], "url": "https://archive.org/download/mame.0229/kot.zip"}, "|games/mame/kozure.zip": {"hash": "948beb69f063300500c9ee5492426568", "size": 370512, "tags": [0, 2, 133], "url": "https://archive.org/download/mame.0240/kozure.zip"}, "|games/mame/kroozr.zip": {"hash": "a140974e66898bcd514b448c08e655cf", "size": 45549, "tags": [0, 2, 37], "url": "https://archive.org/download/MAME216RomsOnlyMerged/kroozr.zip"}, "|games/mame/kungfum.zip": {"hash": "e0f39ed964a6a0a10aff552a0377d40e", "size": 330158, "tags": [0, 2, 54], "url": "https://archive.org/download/MAME221RomsOnlyMerged/kungfum.zip"}, "|games/mame/ladybug.zip": {"hash": "6078d9eefeb73eda62aa48cb98f8fe4b", "size": 65565, "tags": [0, 2, 28], "url": "https://archive.org/download/MAME220RomsOnlyMerged/ladybug.zip"}, "|games/mame/lagunar.zip": {"hash": "b20dc0c76887404f884f2fee0b9b2ccc", "size": 5584, "tags": [0, 2, 3], "url": "https://archive.org/download/mame.0240/lagunar.zip"}, "|games/mame/ldrun.zip": {"hash": "16ecf78873e7709893e92c1db3ad9d21", "size": 59784, "tags": [0, 2, 54], "url": "https://archive.org/download/MAME221RomsOnlyMerged/ldrun.zip"}, "|games/mame/ldrun2.zip": {"hash": "f4bb2bc58f5d895e5ba7f2efeac78848", "size": 65466, "tags": [0, 2, 54], "url": "https://archive.org/download/MAME221RomsOnlyMerged/ldrun2.zip"}, "|games/mame/ldrun3.zip": {"hash": "386eb4f0de7839d9be971d9ceae511cf", "size": 130001, "tags": [0, 2, 54], "url": "https://archive.org/download/MAME221RomsOnlyMerged/ldrun3.zip"}, "|games/mame/ldrun4.zip": {"hash": "ea85b0a72da8ff60706c1e3ffe4353a1", "size": 85203, "tags": [0, 2, 54], "url": "https://archive.org/download/MAME221RomsOnlyMerged/ldrun4.zip"}, "|games/mame/legion.zip": {"hash": "a34ef105de178d8322e08afbab644bbb", "size": 520962, "tags": [0, 2, 133], "url": "https://archive.org/download/mame.0240/legion.zip"}, "|games/mame/lizwiz.zip": {"hash": "cc53a43f7665be1c53306792212d4b38", "size": 19782, "tags": [0, 2, 5], "url": "https://archive.org/download/MAME220RomsOnlyMerged/lizwiz.zip"}, "|games/mame/llander.zip": {"hash": "a1ed8a7fc8ec2bcb279d97d3cd595e80", "size": 23604, "tags": [0, 2, 60], "url": "https://archive.org/download/MAME220RomsOnlyMerged/llander.zip"}, "|games/mame/losttomb.zip": {"hash": "669abe367b9dc072d92eb44f56b105fd", "size": 22848, "tags": [0, 2, 7], "url": "https://archive.org/download/MAME216RomsOnlyMerged/losttomb.zip"}, "|games/mame/lrescue.zip": {"hash": "78884829cbf836f827bbbbf97ab38c08", "size": 68133, "tags": [0, 2, 3], "url": "https://archive.org/download/mame.0240/lrescue.zip"}, "|games/mame/luctoday.zip": {"hash": "d2add3f27c51a0f63b77a84e0146da7e", "size": 9567, "tags": [0, 2, 14], "url": "https://archive.org/download/MAME220RomsOnlyMerged/luctoday.zip"}, "|games/mame/lupin3.zip": {"hash": "9faac42662ce814a45aa5b78125e8297", "size": 20389, "tags": [0, 2, 3], "url": "https://archive.org/download/mame.0240/lupin3.zip"}, "|games/mame/lwings.zip": {"hash": "8a427667820f650fe5a0548372dd14bd", "size": 567465, "tags": [0, 2, 116], "url": "https://archive.org/download/MAME217RomsOnlyMerged/MAME%200.217%20ROMs%20%28merged%29.zip/lwings.zip"}, "|games/mame/magspot.zip": {"hash": "b0023e6818029a9d9361fd238b04f94f", "size": 12104, "tags": [0, 2, 27], "url": "https://archive.org/download/MAME219RomsOnlyMerged/MAME%200.219%20ROMs%20%28merged%29.zip/magspot.zip"}, "|games/mame/mappy.zip": {"hash": "1eee78465799cce2635f2f12a82103ba", "size": 39468, "tags": [0, 2, 35], "url": "https://archive.org/download/MAME220RomsOnlyMerged/mappy.zip"}, "|games/mame/mario.zip": {"hash": "53cb3cb8c5ff1ae1275929e157ef337b", "size": 221947, "tags": [0, 2, 62], "url": "https://archive.org/download/MAME220RomsOnlyMerged/mario.zip"}, "|games/mame/mars.zip": {"hash": "1d281a8b2e014696ebb8dba5b5e09a38", "size": 17505, "tags": [0, 2, 7], "url": "https://archive.org/download/MAME217RomsOnlyMerged/MAME%200.217%20ROMs%20%28merged%29.zip/mars.zip"}, "|games/mame/maxrpm.zip": {"hash": "8920bd21b15cb73d10ffc70d417feebf", "size": 87769, "tags": [0, 2, 33], "url": "https://archive.org/download/MAME217RomsOnlyMerged/MAME%200.217%20ROMs%20%28merged%29.zip/maxrpm.zip"}, "|games/mame/mayday.zip": {"hash": "5c249fdfc9d45e7eb77b338e76bb276f", "size": 64975, "tags": [0, 2, 26], "url": "https://archive.org/download/MAME218RomsOnlyMerged/MAME%200.218%20ROMs%20%28merged%29.zip/mayday.zip"}, "|games/mame/maze.zip": {"hash": "baa5015e65b503f4a6f9a27381947d91", "size": 3244, "tags": [0, 2, 3], "url": "https://archive.org/download/mame.0240/maze.zip"}, "|games/mame/mbombrd.zip": {"hash": "64bc42f64289b0c4b3cac2e9c3507071", "size": 7579909, "tags": [0, 2, 102], "url": "https://archive.org/download/MAME217RomsOnlyMerged/MAME%200.217%20ROMs%20%28merged%29.zip/mbombrd.zip"}, "|games/mame/megaman.zip": {"hash": "6a88e5d624f13be722b17b324c23bb37", "size": 18149063, "tags": [0, 2, 90], "url": "https://archive.org/download/mame.0229/megaman.zip"}, "|games/mame/megaman2.zip": {"hash": "a0407d13ce13a249bbf27eeef8e981cb", "size": 17969108, "tags": [0, 2, 93], "url": "https://archive.org/download/mame.0229/megaman2.zip"}, "|games/mame/mercs.zip": {"hash": "ab29451c756b3904bf2d6a0d7eec9dd8", "size": 3009661, "tags": [0, 2, 90], "url": "https://archive.org/download/MAME217RomsOnlyMerged/MAME%200.217%20ROMs%20%28merged%29.zip/mercs.zip"}, "|games/mame/midres.zip": {"hash": "1659c053ee1d5d95c6172311583f78bc", "size": 1954819, "tags": [0, 2, 117], "url": "https://archive.org/download/mame.0240/midres.zip"}, "|games/mame/mikie.zip": {"hash": "5e29a31eb260c8a87997c13ef8cd0c73", "size": 222380, "tags": [0, 2, 118], "url": "https://archive.org/download/mame.0240/mikie.zip"}, "|games/mame/mimonkey.zip": {"hash": "03a41c395fff8703d10660a47982492d", "size": 87975, "tags": [0, 2, 7], "url": "https://archive.org/download/MAME209RomsOnlyMerged/mimonkey.zip"}, "|games/mame/minefld.zip": {"hash": "5aacb861564aa7ffe28783dbe0c5568f", "size": 29473, "tags": [0, 2, 7], "url": "https://archive.org/download/MAME209RomsOnlyMerged/minefld.zip"}, "|games/mame/mmancp2ur2.zip": {"hash": "1949390b35a2d74e43d6ac28ff66d571", "size": 493889, "tags": [0, 2, 93], "url": "https://archive.org/download/mame.0230.revival/mmancp2ur2.zip"}, "|games/mame/mmatrix.zip": {"hash": "3558900bdd3b10c7b7a4586eda3ee108", "size": 20568873, "tags": [0, 2, 93], "url": "https://archive.org/download/mame.0229/mmatrix.zip"}, "|games/mame/mmatrixa.zip": {"hash": "c80a018cf37508f0548e46c0da823b79", "size": 914760, "tags": [0, 2, 93], "url": "https://archive.org/download/mame.0231/mmatrixa.zip"}, "|games/mame/mooncrst.zip": {"hash": "8438536e6bd786579be2512fba14f365", "size": 287574, "tags": [0, 2, 14], "url": "https://archive.org/download/mame.0240/mooncrst.zip"}, "|games/mame/moonwar.zip": {"hash": "88ab9f3896f9c16a132d3142aaec2918", "size": 27969, "tags": [0, 2, 7], "url": "https://archive.org/download/MAME216RomsOnlyMerged/moonwar.zip"}, "|games/mame/motos.zip": {"hash": "b81ff43f7182873988b85f53733fc27c", "size": 39030, "tags": [0, 2, 35], "url": "https://archive.org/download/MAME220RomsOnlyMerged/motos.zip"}, "|games/mame/mpang.zip": {"hash": "d0360f4d43324bcf60dd3da72fb7aa2a", "size": 11777351, "tags": [0, 2, 93], "url": "https://archive.org/download/mame.0229/mpang.zip"}, "|games/mame/mpatrol.zip": {"hash": "b4b4f28566fd34e14e1e910c584e894f", "size": 48805, "tags": [0, 2, 63], "url": "https://archive.org/download/MAME220RomsOnlyMerged/mpatrol.zip"}, "|games/mame/mplanets.zip": {"hash": "0ba61fbc924f9b6ccb5dbb4c3a98cfda", "size": 71257, "tags": [0, 2, 61], "url": "https://archive.org/download/mame.0240/mplanets.zip"}, "|games/mame/mrdo.zip": {"hash": "dd77bdc0a0626d01c742e61bb137bbae", "size": 137427, "tags": [0, 2, 64], "url": "https://archive.org/download/MAME220RomsOnlyMerged/mrdo.zip"}, "|games/mame/mrgoemon.zip": {"hash": "3ab191ee6e577dc274f4425afc973c97", "size": 81115, "tags": [0, 2, 52], "url": "https://archive.org/download/mame.0229/mrgoemon.zip"}, "|games/mame/mrtnt.zip": {"hash": "31e39fadfb8415f645c83e9a3a1b975a", "size": 32161, "tags": [0, 2, 5], "url": "https://archive.org/download/mame.0240/mrtnt.zip"}, "|games/mame/mrviking.zip": {"hash": "33bd1528649cd1190816d402be39a53f", "size": 115937, "tags": [0, 2, 4], "url": "https://archive.org/download/MAME217RomsOnlyMerged/MAME%200.217%20ROMs%20%28merged%29.zip/mrviking.zip"}, "|games/mame/msh.zip": {"hash": "1c5256ccac5753606ff60beb0fbdc96a", "size": 24999824, "tags": [0, 2, 93], "url": "https://archive.org/download/mame.0229/msh.zip"}, "|games/mame/mshvsf.zip": {"hash": "5a52d147e295de669239f60e5df3b9cc", "size": 31883263, "tags": [0, 2, 93], "url": "https://archive.org/download/mame.0229/mshvsf.zip"}, "|games/mame/mspacman.zip": {"hash": "d57f43b5fa1262544d44714fb7baf972", "size": 321327, "tags": [0, 2, 5], "url": "https://archive.org/download/MAME220RomsOnlyMerged/mspacman.zip"}, "|games/mame/msword.zip": {"hash": "0d7b70ced27b0d03572ce528e66bb910", "size": 3050193, "tags": [0, 2, 90], "url": "https://archive.org/download/MAME217RomsOnlyMerged/MAME%200.217%20ROMs%20%28merged%29.zip/msword.zip"}, "|games/mame/mtwins.zip": {"hash": "b7d24d990caa9d2006258a6057225d50", "size": 4125709, "tags": [0, 2, 90], "url": "https://archive.org/download/MAME217RomsOnlyMerged/MAME%200.217%20ROMs%20%28merged%29.zip/mtwins.zip"}, "|games/mame/mvp.zip": {"hash": "aba63b48c083088687e146573977ee33", "size": 2992670, "tags": [0, 2, 95], "url": "https://archive.org/download/mame.0240/mvp.zip"}, "|games/mame/mvsc.zip": {"hash": "e286da0cd2439723169d45f40165c455", "size": 54509450, "tags": [0, 2, 93], "url": "https://archive.org/download/mame.0229/mvsc.zip"}, "|games/mame/mx5000.zip": {"hash": "0de9a712dc49a42938f65abfcf988b53", "size": 639136, "tags": [0, 2, 119], "url": "https://archive.org/download/mame.0240/mx5000.zip"}, "|games/mame/myhero.zip": {"hash": "768110805a269be6e1126239bd9f42da", "size": 243011, "tags": [0, 2, 4], "url": "https://archive.org/download/MAME217RomsOnlyMerged/MAME%200.217%20ROMs%20%28merged%29.zip/myhero.zip"}, "|games/mame/mysticm.zip": {"hash": "b44a8d204a1f60abcc498d6eaf58fe2b", "size": 97653, "tags": [0, 2, 65], "url": "https://archive.org/download/MAME222RomsOnlyMerged/mysticm.zip"}, "|games/mame/namco50.zip": {"hash": "bff02877b3e56117fc250c2a47fee7ea", "size": 898, "tags": [0, 2, 81], "url": "https://archive.org/download/mame.0229/namco50.zip"}, "|games/mame/namco51.zip": {"hash": "7fe7e6dde605d05045e8bafc5052a3f1", "size": 716, "tags": [0, 2, 48], "url": "https://archive.org/download/mame.0240/namco51.zip"}, "|games/mame/namco54.zip": {"hash": "705edf0e055cd27264ce2a5828b354f2", "size": 592, "tags": [0, 2, 48], "url": "https://archive.org/download/mame.0240/namco54.zip"}, "|games/mame/nemesis.zip": {"hash": "b77832fa2937038f71c833960d49d785", "size": 328754, "tags": [0, 2, 136], "url": "https://archive.org/download/mame.0240/nemesis.zip"}, "|games/mame/nemo.zip": {"hash": "2653b7be2a4119d39249309014f39cbd", "size": 2707377, "tags": [0, 2, 90], "url": "https://archive.org/download/MAME217RomsOnlyMerged/MAME%200.217%20ROMs%20%28merged%29.zip/nemo.zip"}, "|games/mame/ninjakun.zip": {"hash": "8173d6b5a67b5179d9fc29a35b1a23d6", "size": 47075, "tags": [0, 2, 67], "url": "https://archive.org/download/MAME220RomsOnlyMerged/ninjakun.zip"}, "|games/mame/nomnlnd.zip": {"hash": "9693c73538548517467166426f5badb2", "size": 22261, "tags": [0, 2, 27], "url": "https://archive.org/download/MAME219RomsOnlyMerged/MAME%200.219%20ROMs%20%28merged%29.zip/nomnlnd.zip"}, "|games/mame/nrallyx.zip": {"hash": "184a4835268886ea849d708d5499494a", "size": 28151, "tags": [0, 2, 66], "url": "https://archive.org/download/MAME220RomsOnlyMerged/nrallyx.zip"}, "|games/mame/numcrash.zip": {"hash": "f95e73ac36b7ddeec235f79e4bbcc985", "size": 16927, "tags": [0, 2, 5], "url": "https://archive.org/download/MAME220RomsOnlyMerged/numcrash.zip"}, "|games/mame/nwarr.zip": {"hash": "dd9bcb3d72264a1daa89bc7a7f0f3dde", "size": 30829397, "tags": [0, 2, 93], "url": "https://archive.org/download/mame.0229/nwarr.zip"}, "|games/mame/opaopa.zip": {"hash": "b1ae907970201eecd6d836cae3d4dac9", "size": 264557, "tags": [0, 2, 12], "url": "https://archive.org/download/mame.0240/opaopa.zip"}, "|games/mame/orbitron.zip": {"hash": "627b95d43a516e2f6ba4cefbc42b427d", "size": 10744, "tags": [0, 2, 14], "url": "https://archive.org/download/MAME220RomsOnlyMerged/orbitron.zip"}, "|games/mame/outzone.zip": {"hash": "bfaf5091f881890d8e542b3397cf3048", "size": 1432598, "tags": [0, 2, 134], "url": "https://archive.org/download/mame.0229/outzone.zip"}, "|games/mame/pacnpal.zip": {"hash": "50a947cc8f26aa571c69b33d09c875c0", "size": 52336, "tags": [0, 2, 35], "url": "https://archive.org/download/MAME220RomsOnlyMerged/pacnpal.zip"}, "|games/mame/pang.zip": {"hash": "ddeede9bcc3cacfb1a1b357d26affbb9", "size": 2121608, "tags": [0, 2, 99], "url": "https://archive.org/download/mame.0240/pang.zip"}, "|games/mame/pang3.zip": {"hash": "c7b0883aefbca7feead4b65b429db80d", "size": 1984258, "tags": [0, 2, 90], "url": "https://archive.org/download/MAME217RomsOnlyMerged/MAME%200.217%20ROMs%20%28merged%29.zip/pang3.zip"}, "|games/mame/panic.zip": {"hash": "ea199a1e302b4b3e907da3d36ac062a5", "size": 49968, "tags": [0, 2, 27], "url": "https://archive.org/download/MAME219RomsOnlyMerged/MAME%200.219%20ROMs%20%28merged%29.zip/panic.zip"}, "|games/mame/passsht.zip": {"hash": "f6d51e102d3b771d13248f873710271b", "size": 1641452, "tags": [0, 2, 95], "url": "https://archive.org/download/mame.0240/passsht.zip"}, "|games/mame/pengo.zip": {"hash": "7ce48eb1c1c150764704fde590686fd7", "size": 204830, "tags": [0, 2, 68], "url": "https://archive.org/download/MAME220RomsOnlyMerged/pengo.zip"}, "|games/mame/phoenix.zip": {"hash": "6207ff84ffc9a13cb26bb82d9f5f6191", "size": 202758, "tags": [0, 2, 69], "url": "https://archive.org/download/MAME220RomsOnlyMerged/phoenix.zip"}, "|games/mame/pickin.zip": {"hash": "d33fdaef3fb8e635229d62749523d1e7", "size": 16423, "tags": [0, 2, 15], "url": "https://archive.org/download/MAME220RomsOnlyMerged/pickin.zip"}, "|games/mame/pingpong.zip": {"hash": "33c9ebc312067274f94c0bcb7a548527", "size": 22372, "tags": [0, 2, 115], "url": "https://archive.org/download/mame.0240/pingpong.zip"}, "|games/mame/pisces.zip": {"hash": "676ca4b53a378c192523d83ce8db2aec", "size": 25935, "tags": [0, 2, 14], "url": "https://archive.org/download/MAME220RomsOnlyMerged/pisces.zip"}, "|games/mame/pitfall2.zip": {"hash": "d08320ebc1112a63f94bbebffc03820d", "size": 114561, "tags": [0, 2, 4], "url": "https://archive.org/download/MAME216RomsOnlyMerged/pitfall2.zip"}, "|games/mame/pkunwar.zip": {"hash": "1818054af8c0f932cff3145dea536c78", "size": 75273, "tags": [0, 2, 137], "url": "https://archive.org/download/MAME221RomsOnlyMerged/pkunwar.zip"}, "|games/mame/playball.zip": {"hash": "eba86b7e96fd130c740e2b94414bed16", "size": 39245, "tags": [0, 2, 6], "url": "https://archive.org/download/MAME218RomsOnlyMerged/MAME%200.218%20ROMs%20%28merged%29.zip/playball.zip"}, "|games/mame/pleiads.zip": {"hash": "b52993e1237456d42dd236159342a41c", "size": 76920, "tags": [0, 2, 70], "url": "https://archive.org/download/mame.0240/pleiads.zip"}, "|games/mame/pnickj.zip": {"hash": "ae5e47d1a4941258e4b9f6b031432898", "size": 768480, "tags": [0, 2, 90], "url": "https://archive.org/download/MAME217RomsOnlyMerged/MAME%200.217%20ROMs%20%28merged%29.zip/pnickj.zip"}, "|games/mame/pokonyan.zip": {"hash": "a6a62edd097ea68dc84ede952ecc5a6c", "size": 714534, "tags": [0, 2, 90], "url": "https://archive.org/download/MAME217RomsOnlyMerged/MAME%200.217%20ROMs%20%28merged%29.zip/pokonyan.zip"}, "|games/mame/polyplay.zip": {"hash": "6ad41ed4ecc9f27c29decd08d733a75e", "size": 27147, "tags": [0, 2, 71], "url": "https://archive.org/download/mame.0229/polyplay.zip"}, "|games/mame/polyplay2.zip": {"hash": "53a3996cc2b72653bad4ecf0ac53e683", "size": 52322, "tags": [0, 2, 71], "url": "https://archive.org/download/MAME220RomsOnlyMerged/polyplay2.zip"}, "|games/mame/ponpoko.zip": {"hash": "56daaec49a2511b27c37d834a544132d", "size": 32776, "tags": [0, 2, 5], "url": "https://archive.org/download/MAME220RomsOnlyMerged/ponpoko.zip"}, "|games/mame/pooyan.zip": {"hash": "9d4a78bed292edf2f07e16dfbc833d28", "size": 83509, "tags": [0, 2, 72], "url": "https://archive.org/download/MAME220RomsOnlyMerged/pooyan.zip"}, "|games/mame/popeye.zip": {"hash": "df8597926345e5b2b15659ac9522a141", "size": 205862, "tags": [0, 2, 73], "url": "https://archive.org/download/MAME219RomsOnlyMerged/MAME%200.219%20ROMs%20%28merged%29.zip/popeye.zip"}, "|games/mame/powerdrv.zip": {"hash": "3a1f0c2cb49a9b7aab4b9b0e41910b99", "size": 195303, "tags": [0, 2, 33], "url": "https://archive.org/download/MAME217RomsOnlyMerged/MAME%200.217%20ROMs%20%28merged%29.zip/powerdrv.zip"}, "|games/mame/progear.zip": {"hash": "d75d575cce083c8d0b8d422e8f985b70", "size": 29438718, "tags": [0, 2, 93], "url": "https://archive.org/download/mame.0229/progear.zip"}, "|games/mame/puckman.zip": {"hash": "f19c157752eba8c90805752ada21b992", "size": 451955, "tags": [0, 2, 5], "url": "https://archive.org/download/mame.0240/puckman.zip"}, "|games/mame/punisher.zip": {"hash": "bd72dd42a354f210c23b790ec83ea08d", "size": 14326206, "tags": [0, 2, 102], "url": "https://archive.org/download/MAME217RomsOnlyMerged/MAME%200.217%20ROMs%20%28merged%29.zip/punisher.zip"}, "|games/mame/pzloop2.zip": {"hash": "850ab19d016045ea9450f23a6b2ac18c", "size": 12697539, "tags": [0, 2, 93], "url": "https://archive.org/download/mame.0229/pzloop2.zip"}, "|games/mame/qad.zip": {"hash": "7ffa792cf2a8fdaf564c88dd154392b3", "size": 2511627, "tags": [0, 2, 90], "url": "https://archive.org/download/MAME217RomsOnlyMerged/MAME%200.217%20ROMs%20%28merged%29.zip/qad.zip"}, "|games/mame/qbert.zip": {"hash": "1088993a6b50356b4ca84aade41a0341", "size": 96719, "tags": [0, 2, 61], "url": "https://archive.org/download/mame.0240/qbert.zip"}, "|games/mame/qbertqub.zip": {"hash": "f30273ca73fa8d3a19af50e09fe1c686", "size": 46583, "tags": [0, 2, 61], "url": "https://archive.org/download/mame.0240/qbertqub.zip"}, "|games/mame/qndream.zip": {"hash": "c6bf9af175d1a90f6da50dfa80c1f3b1", "size": 6925964, "tags": [0, 2, 93], "url": "https://archive.org/download/mame.0229/qndream.zip"}, "|games/mame/qsound.zip": {"hash": "758388893761ea3ff0d820f60344a38e", "size": 2676, "tags": [0, 2, 93], "url": "https://archive.org/download/mame.0229/qsound.zip"}, "|games/mame/qtono2j.zip": {"hash": "ff9adb5050b6d14009e64202fc90750f", "size": 1945248, "tags": [0, 2, 90], "url": "https://archive.org/download/MAME217RomsOnlyMerged/MAME%200.217%20ROMs%20%28merged%29.zip/qtono2j.zip"}, "|games/mame/radarscp.zip": {"hash": "f1d1de35f87dff21ef6a3ad022da77e7", "size": 31253, "tags": [0, 2, 39], "url": "https://archive.org/download/mame.0229/radarscp.zip"}, "|games/mame/raflesia.zip": {"hash": "2cc03034e3ecbe5b7acb30e840918831", "size": 80542, "tags": [0, 2, 4], "url": "https://archive.org/download/MAME216RomsOnlyMerged/raflesia.zip"}, "|games/mame/rallyx.zip": {"hash": "def027d1ab45be54160f90420d30dce5", "size": 47588, "tags": [0, 2, 66], "url": "https://archive.org/download/MAME220RomsOnlyMerged/rallyx.zip"}, "|games/mame/rampage.zip": {"hash": "51662369d1d670646f279c4c9c9da765", "size": 294845, "tags": [0, 2, 33], "url": "https://archive.org/download/MAME217RomsOnlyMerged/MAME%200.217%20ROMs%20%28merged%29.zip/rampage.zip"}, "|games/mame/rastan.zip": {"hash": "491814484cd561292bed52b1f41e9e79", "size": 1463572, "tags": [0, 2, 121], "url": "https://archive.org/download/mame.0240/rastan.zip"}, "|games/mame/regulus.zip": {"hash": "43dbe59754c11eec3fe5563e47f6c42f", "size": 139770, "tags": [0, 2, 4], "url": "https://archive.org/download/MAME216RomsOnlyMerged/regulus.zip"}, "|games/mame/rescue.zip": {"hash": "2f86ad09657344d3ffe20f30657068b1", "size": 46836, "tags": [0, 2, 7], "url": "https://archive.org/download/MAME209RomsOnlyMerged/rescue.zip"}, "|games/mame/ridleofp.zip": {"hash": "244bd57d9cb909418f1bd883c8f2170e", "size": 83585, "tags": [0, 2, 12], "url": "https://archive.org/download/mame.0240/ridleofp.zip"}, "|games/mame/ringdest.zip": {"hash": "198c8f3b9672af8023a557985ed39266", "size": 16100079, "tags": [0, 2, 93], "url": "https://archive.org/download/mame.0229/ringdest.zip"}, "|games/mame/riotcity.zip": {"hash": "bc132152288a2d94c173e50a9bf8957d", "size": 1236073, "tags": [0, 2, 95], "url": "https://archive.org/download/mame.0240/riotcity.zip"}, "|games/mame/roadf.zip": {"hash": "f5e2249d2e33aee45ac4780431a550b2", "size": 183002, "tags": [0, 2, 113], "url": "https://archive.org/download/mame.0240/roadf.zip"}, "|games/mame/robby.zip": {"hash": "b4027347ca82ee613449da10e28f12d3", "size": 27937, "tags": [0, 2, 43], "url": "https://archive.org/download/MAME219RomsOnlyMerged/MAME%200.219%20ROMs%20%28merged%29.zip/robby.zip"}, "|games/mame/robocop.zip": {"hash": "d6319e6273b5d59f8c3322037660fce3", "size": 1131445, "tags": [0, 2, 112], "url": "https://archive.org/download/mame.0240/robocop.zip"}, "|games/mame/robotron.zip": {"hash": "20fadf31d6238f7f01da2049170bad91", "size": 82120, "tags": [0, 2, 6], "url": "https://archive.org/download/MAME218RomsOnlyMerged/MAME%200.218%20ROMs%20%28merged%29.zip/robotron.zip"}, "|games/mame/rpatrol.zip": {"hash": "f71542ba5dc2b9a49fca3dd52f73bd50", "size": 67855, "tags": [0, 2, 74], "url": "https://archive.org/download/MAME220RomsOnlyMerged/rpatrol.zip"}, "|games/mame/rygar.zip": {"hash": "c41fdcefb2159bcaac362c8a933a88cb", "size": 328339, "tags": [0, 2, 51], "url": "https://archive.org/download/MAME220RomsOnlyMerged/rygar.zip"}, "|games/mame/ryukyu.zip": {"hash": "f09eaa9edee5fffd8ff5571578afcf25", "size": 521884, "tags": [0, 2, 95], "url": "https://archive.org/download/mame.0240/ryukyu.zip"}, "|games/mame/sarge.zip": {"hash": "c52f5e03f7c539c77f5ae573abd079a6", "size": 84020, "tags": [0, 2, 33], "url": "https://archive.org/download/MAME217RomsOnlyMerged/MAME%200.217%20ROMs%20%28merged%29.zip/sarge.zip"}, "|games/mame/sbagman.zip": {"hash": "28a5fa73e1f155be1852a2a6e327a42a", "size": 72257, "tags": [0, 2, 15], "url": "https://archive.org/download/MAME217RomsOnlyMerged/MAME%200.217%20ROMs%20%28merged%29.zip/sbagman.zip"}, "|games/mame/sbasketb.zip": {"hash": "b3885ab4de78556967d616403306cdb3", "size": 171637, "tags": [0, 2, 124], "url": "https://archive.org/download/mame.0240/sbasketb.zip"}, "|games/mame/sbrkout.zip": {"hash": "6aac0b697c4e7664e8c120188b1a921b", "size": 18086, "tags": [0, 2, 80], "url": "https://archive.org/download/MAME220RomsOnlyMerged/sbrkout.zip"}, "|games/mame/schaser.zip": {"hash": "73ec1bead941a06230adec21f325b0e9", "size": 50980, "tags": [0, 2, 3], "url": "https://archive.org/download/mame.0240/schaser.zip"}, "|games/mame/scobra.zip": {"hash": "63e97ddceb57cfe9500cad02ff9ba7cc", "size": 123771, "tags": [0, 2, 7], "url": "https://archive.org/download/MAME216RomsOnlyMerged/scobra.zip"}, "|games/mame/scotrsht.zip": {"hash": "1c15e278a5996cc67656770e06ec8e94", "size": 73766, "tags": [0, 2, 75], "url": "https://archive.org/download/MAME224RomsOnlyMerged/scotrsht.zip"}, "|games/mame/scramble.zip": {"hash": "7c7269a26a65130855701116b4e8cf60", "size": 163809, "tags": [0, 2, 7], "url": "https://archive.org/download/MAME216RomsOnlyMerged/scramble.zip"}, "|games/mame/seawolf.zip": {"hash": "694bd4761e91dcab47e17ad983788a70", "size": 7776, "tags": [0, 2, 3], "url": "https://archive.org/download/mame.0240/seawolf.zip"}, "|games/mame/seawolf2.zip": {"hash": "612c4d92431178caa3236322917beb76", "size": 6108, "tags": [0, 2, 43], "url": "https://archive.org/download/MAME219RomsOnlyMerged/MAME%200.219%20ROMs%20%28merged%29.zip/seawolf2.zip"}, "|games/mame/secretag.zip": {"hash": "549ce34f6ba8668f92819ad6c96c0f0f", "size": 1318150, "tags": [0, 2, 100], "url": "https://archive.org/download/mame.0240/secretag.zip"}, "|games/mame/sectionz.zip": {"hash": "f1585181b0024c708663c193486065e0", "size": 232516, "tags": [0, 2, 116], "url": "https://archive.org/download/MAME217RomsOnlyMerged/MAME%200.217%20ROMs%20%28merged%29.zip/sectionz.zip"}, "|games/mame/seganinj.zip": {"hash": "5236b0a52389cfb0288777007c279c6c", "size": 322348, "tags": [0, 2, 4], "url": "https://archive.org/download/MAME217RomsOnlyMerged/MAME%200.217%20ROMs%20%28merged%29.zip/seganinj.zip"}, "|games/mame/sf.zip": {"hash": "e904f3d7c3a3d253d9646d039ced7206", "size": 3314659, "tags": [0, 2, 123], "url": "https://archive.org/download/mame.0240/sf.zip"}, "|games/mame/sf2.zip": {"hash": "7b62a4094296a814f049bab74cf17b36", "size": 33389800, "tags": [0, 2, 90], "url": "https://archive.org/download/MAME217RomsOnlyMerged/MAME%200.217%20ROMs%20%28merged%29.zip/sf2.zip"}, "|games/mame/sf2ce.zip": {"hash": "6adec591d638a2789a5c77ad22a4ba66", "size": 43964193, "tags": [0, 2, 90], "url": "https://archive.org/download/MAME217RomsOnlyMerged/MAME%200.217%20ROMs%20%28merged%29.zip/sf2ce.zip"}, "|games/mame/sf2hf.zip": {"hash": "9c36f22673a2e9147ac02ef7eb74c9fa", "size": 5038348, "tags": [0, 2, 90], "url": "https://archive.org/download/MAME217RomsOnlyMerged/MAME%200.217%20ROMs%20%28merged%29.zip/sf2hf.zip"}, "|games/mame/sfa.zip": {"hash": "c474aa8720e88c7fc448576923ff03f1", "size": 12600783, "tags": [0, 2, 93], "url": "https://archive.org/download/mame.0229/sfa.zip"}, "|games/mame/sfa2.zip": {"hash": "6e5138587d47d543d2bbbfdf7d9bf038", "size": 21966120, "tags": [0, 2, 93], "url": "https://archive.org/download/mame.0229/sfa2.zip"}, "|games/mame/sfa3.zip": {"hash": "1b1e221f09317450828f9136730f3444", "size": 34903415, "tags": [0, 2, 93], "url": "https://archive.org/download/mame.0229/sfa3.zip"}, "|games/mame/sfz2al.zip": {"hash": "ab0e9f6b34d1e45851de220ed605bc39", "size": 17240561, "tags": [0, 2, 93], "url": "https://archive.org/download/mame.0229/sfz2al.zip"}, "|games/mame/sfzch.zip": {"hash": "af3833ae7802cad622492dca272f2406", "size": 4232968, "tags": [0, 2, 90], "url": "https://archive.org/download/mame.0240/sfzch.zip"}, "|games/mame/sgemf.zip": {"hash": "6a34a27b41118bf46214e25c3dead61b", "size": 17995675, "tags": [0, 2, 93], "url": "https://archive.org/download/mame.0229/sgemf.zip"}, "|games/mame/shinobi.zip": {"hash": "42628fdb04a6cf33d0619af227f825ac", "size": 2082707, "tags": [0, 2, 94], "url": "https://archive.org/download/mame.0240/shinobi.zip"}, "|games/mame/shollow.zip": {"hash": "061db5b650e742017af11c9dfa487ad3", "size": 51971, "tags": [0, 2, 37], "url": "https://archive.org/download/MAME216RomsOnlyMerged/shollow.zip"}, "|games/mame/shtrider.zip": {"hash": "70cbb4dcc2511e717f31329e86cd9730", "size": 79211, "tags": [0, 2, 76], "url": "https://archive.org/download/MAME216RomsOnlyMerged/shtrider.zip"}, "|games/mame/shuffle.zip": {"hash": "5b1a1a43af923a5c5979e8f54a2d6b65", "size": 6223, "tags": [0, 2, 3], "url": "https://archive.org/download/mame.0240/shuffle.zip"}, "|games/mame/sidearms.zip": {"hash": "f62f46b2404b22da45d8fb7eb8ee23cc", "size": 366575, "tags": [0, 2, 122], "url": "https://archive.org/download/MAME217RomsOnlyMerged/MAME%200.217%20ROMs%20%28merged%29.zip/sidearms.zip"}, "|games/mame/silkworm.zip": {"hash": "5652f19e8075dd0d08bfecfc0e7f7585", "size": 531009, "tags": [0, 2, 51], "url": "https://archive.org/download/MAME220RomsOnlyMerged/silkworm.zip"}, "|games/mame/sinistar.zip": {"hash": "5a3095c64b9ad618b617ae8c9c2e9bf7", "size": 86355, "tags": [0, 2, 6], "url": "https://archive.org/download/MAME218RomsOnlyMerged/MAME%200.218%20ROMs%20%28merged%29.zip/sinistar.zip"}, "|games/mame/skyrobo.zip": {"hash": "7678391030101cfa49aa7f7f2da48a27", "size": 649867, "tags": [0, 2, 133], "url": "https://archive.org/download/mame.0240/skyrobo.zip"}, "|games/mame/skyskipr.zip": {"hash": "807267201080195204f42d5be45a891e", "size": 35629, "tags": [0, 2, 73], "url": "https://archive.org/download/MAME219RomsOnlyMerged/MAME%200.219%20ROMs%20%28merged%29.zip/skyskipr.zip"}, "|games/mame/slammast.zip": {"hash": "c328f51f9b980aae0f3d8965228b4e5d", "size": 14533579, "tags": [0, 2, 102], "url": "https://archive.org/download/MAME217RomsOnlyMerged/MAME%200.217%20ROMs%20%28merged%29.zip/slammast.zip"}, "|games/mame/slapshtr.zip": {"hash": "bb4955fe435dd838b94478e2c0383bdb", "size": 65121, "tags": [0, 2, 12], "url": "https://archive.org/download/mame.0240/slapshtr.zip"}, "|games/mame/snapjack.zip": {"hash": "bd59aa1a6cdd79935fbacd61d39fc3b4", "size": 24812, "tags": [0, 2, 28], "url": "https://archive.org/download/MAME220RomsOnlyMerged/snapjack.zip"}, "|games/mame/solarfox.zip": {"hash": "7c41dc0bdd82696fcc1b7e7412aabbbc", "size": 34706, "tags": [0, 2, 59], "url": "https://archive.org/download/MAME216RomsOnlyMerged/solarfox.zip"}, "|games/mame/solomon.zip": {"hash": "29df9e509bdd408dd46853bb46b7ef82", "size": 147720, "tags": [0, 2, 77], "url": "https://archive.org/download/MAME218RomsOnlyMerged/MAME%200.218%20ROMs%20%28merged%29.zip/solomon.zip"}, "|games/mame/sonicbom.zip": {"hash": "f38335989e4ea2e82e0004df84f01d9d", "size": 569867, "tags": [0, 2, 95], "url": "https://archive.org/download/mame.0240/sonicbom.zip"}, "|games/mame/sosterm.zip": {"hash": "b9810b244b2197d7b6fdb6f1081f34a8", "size": 31479, "tags": [0, 2, 18], "url": "https://archive.org/download/mame.0229/sosterm.zip"}, "|games/mame/spacezap.zip": {"hash": "0dbeef79d7f7774a64d0b82b4ac4f8a1", "size": 12135, "tags": [0, 2, 43], "url": "https://archive.org/download/MAME219RomsOnlyMerged/MAME%200.219%20ROMs%20%28merged%29.zip/spacezap.zip"}, "|games/mame/spang.zip": {"hash": "0429613b62e0f0c7d82e16d50368a500", "size": 2189623, "tags": [0, 2, 99], "url": "https://archive.org/download/mame.0240/spang.zip"}, "|games/mame/spatter.zip": {"hash": "f656670dbe1c20090f52ffb89d02b604", "size": 163914, "tags": [0, 2, 4], "url": "https://archive.org/download/MAME217RomsOnlyMerged/MAME%200.217%20ROMs%20%28merged%29.zip/spatter.zip"}, "|games/mame/spcenctr.zip": {"hash": "176f824a52889938deb98addf034c892", "size": 12099, "tags": [0, 2, 3], "url": "https://archive.org/download/mame.0240/spcenctr.zip"}, "|games/mame/spdcoin.zip": {"hash": "60cc34a3e894b260b7d238bc6ae22e0c", "size": 10375, "tags": [0, 2, 7], "url": "https://archive.org/download/MAME216RomsOnlyMerged/spdcoin.zip"}, "|games/mame/spelunk2.zip": {"hash": "f86b5da1428876751fd4058baaf27fff", "size": 136512, "tags": [0, 2, 54], "url": "https://archive.org/download/MAME221RomsOnlyMerged/spelunk2.zip"}, "|games/mame/spelunkr.zip": {"hash": "005bce81e8922566ae28f8eef863dbfb", "size": 139836, "tags": [0, 2, 54], "url": "https://archive.org/download/MAME221RomsOnlyMerged/spelunkr.zip"}, "|games/mame/spf2t.zip": {"hash": "4c8d78d32cfecf21fd88dda7e9f8b724", "size": 6502021, "tags": [0, 2, 93], "url": "https://archive.org/download/mame.0229/spf2t.zip"}, "|games/mame/splat.zip": {"hash": "059936a70b89348f853a473e6aa9f0ec", "size": 40761, "tags": [0, 2, 6], "url": "https://archive.org/download/MAME218RomsOnlyMerged/MAME%200.218%20ROMs%20%28merged%29.zip/splat.zip"}, "|games/mame/sprint1.zip": {"hash": "c68885311c3e812b09a2758aa01db16f", "size": 13136, "tags": [0, 2, 78], "url": "https://archive.org/download/MAME216RomsOnlyMerged/sprint1.zip"}, "|games/mame/spyhunt.zip": {"hash": "fda1725d9bf449431b25838e93f486f7", "size": 231774, "tags": [0, 2, 29], "url": "https://archive.org/download/MAME220RomsOnlyMerged/spyhunt.zip"}, "|games/mame/squaitsa.zip": {"hash": "6927c9fa456f73cc1fd79a017a96ec64", "size": 10936, "tags": [0, 2, 15], "url": "https://archive.org/download/MAME220RomsOnlyMerged/squaitsa.zip"}, "|games/mame/srumbler.zip": {"hash": "45da685b2fbf73a8bd63a51f135606fa", "size": 479283, "tags": [0, 2, 125], "url": "https://archive.org/download/mame.0229/srumbler.zip"}, "|games/mame/ssf2.zip": {"hash": "921bc7e31ade6edba030f8444b45291c", "size": 27570387, "tags": [0, 2, 93], "url": "https://archive.org/download/mame.0229/ssf2.zip"}, "|games/mame/ssf2t.zip": {"hash": "cc19617ed9b7ab83a791b5f557f6b6fc", "size": 31855330, "tags": [0, 2, 93], "url": "https://archive.org/download/mame.0229/ssf2t.zip"}, "|games/mame/stargate.zip": {"hash": "d2c849689c3e4847a8390e6b08fdff41", "size": 36543, "tags": [0, 2, 6], "url": "https://archive.org/download/MAME218RomsOnlyMerged/MAME%200.218%20ROMs%20%28merged%29.zip/stargate.zip"}, "|games/mame/stargrds.zip": {"hash": "294f456b7c0a5d489a25ba0011935a8b", "size": 133468, "tags": [0, 2, 33], "url": "https://archive.org/download/MAME217RomsOnlyMerged/MAME%200.217%20ROMs%20%28merged%29.zip/stargrds.zip"}, "|games/mame/starjack.zip": {"hash": "8d8550fa861fdf5bb6aa8ce3cbaa828d", "size": 84583, "tags": [0, 2, 4], "url": "https://archive.org/download/MAME216RomsOnlyMerged/starjack.zip"}, "|games/mame/stratgyx.zip": {"hash": "e928df876b01157649782989fc72f9b0", "size": 45861, "tags": [0, 2, 7], "url": "https://archive.org/download/MAME217RomsOnlyMerged/MAME%200.217%20ROMs%20%28merged%29.zip/stratgyx.zip"}, "|games/mame/strider.zip": {"hash": "7b6de232df5a76cc693c5ddbe9e7548e", "size": 4633533, "tags": [0, 2, 90], "url": "https://archive.org/download/MAME217RomsOnlyMerged/MAME%200.217%20ROMs%20%28merged%29.zip/strider.zip"}, "|games/mame/subs.zip": {"hash": "eaf11637db220177ec6803b0320e013d", "size": 7715, "tags": [0, 2, 79], "url": "https://archive.org/download/MAME216RomsOnlyMerged/subs.zip"}, "|games/mame/superpac.zip": {"hash": "fd36651ed185da1c1ea0b27c94b4177c", "size": 27944, "tags": [0, 2, 35], "url": "https://archive.org/download/MAME220RomsOnlyMerged/superpac.zip"}, "|games/mame/suprglob.zip": {"hash": "f25aa926dce95674d08df01c5abeb8f0", "size": 159070, "tags": [0, 2, 5], "url": "https://archive.org/download/mame.0240/suprglob.zip"}, "|games/mame/swat.zip": {"hash": "644cdbdaa52e0b8da029e28d1e9bed8a", "size": 58666, "tags": [0, 2, 4], "url": "https://archive.org/download/MAME217RomsOnlyMerged/MAME%200.217%20ROMs%20%28merged%29.zip/swat.zip"}, "|games/mame/szaxxon.zip": {"hash": "9abe5c25831ce71e4d619ccd918bc1be", "size": 39297, "tags": [0, 2, 47], "url": "https://archive.org/download/mame.0240/szaxxon.zip"}, "|games/mame/tapper.zip": {"hash": "3ce8df5f4ce8f9d0da21910f8bdc9bbc", "size": 353500, "tags": [0, 2, 36], "url": "https://archive.org/download/MAME218RomsOnlyMerged/MAME%200.218%20ROMs%20%28merged%29.zip/tapper.zip"}, "|games/mame/tazmania.zip": {"hash": "e6fbdcde7fe36d0ef9a6423de3836f0e", "size": 88138, "tags": [0, 2, 7], "url": "https://archive.org/download/MAME216RomsOnlyMerged/tazmania.zip"}, "|games/mame/teddybb.zip": {"hash": "064c6861a2ce26eb0803495c2dd6d389", "size": 146624, "tags": [0, 2, 4], "url": "https://archive.org/download/MAME217RomsOnlyMerged/MAME%200.217%20ROMs%20%28merged%29.zip/teddybb.zip"}, "|games/mame/terracre.zip": {"hash": "c642141e92b211257c71dedacabdd4cb", "size": 197448, "tags": [0, 2, 135], "url": "https://archive.org/download/mame.0240/terracre.zip"}, "|games/mame/terraf.zip": {"hash": "5b7d1c668b9177e05e585061b3275521", "size": 761409, "tags": [0, 2, 133], "url": "https://archive.org/download/mame.0240/terraf.zip"}, "|games/mame/tetris.zip": {"hash": "0c2e60c5a653994794e3c77e444b76b1", "size": 3244167, "tags": [0, 2, 94], "url": "https://archive.org/download/mame.0240/tetris.zip"}, "|games/mame/tetrisse.zip": {"hash": "a7cf00f940a683e899ca9b7754fb836e", "size": 21849, "tags": [0, 2, 12], "url": "https://archive.org/download/mame.0240/tetrisse.zip"}, "|games/mame/theend.zip": {"hash": "f1aa7f03bb16e236f8829ee9e17a753d", "size": 52848, "tags": [0, 2, 14], "url": "https://archive.org/download/mame.0240/theend.zip"}, "|games/mame/theroes.zip": {"hash": "2d699c54a8b74fba49536ef7ae09b175", "size": 17748944, "tags": [0, 2, 32], "url": "https://archive.org/download/mame.0240/theroes.zip"}, "|games/mame/tigeroad.zip": {"hash": "83be74f91404134e297318b75dae3fab", "size": 1417951, "tags": [0, 2, 126], "url": "https://archive.org/download/MAME217RomsOnlyMerged/MAME%200.217%20ROMs%20%28merged%29.zip/tigeroad.zip"}, "|games/mame/timber.zip": {"hash": "50179244cae329b5a70e44ca0d4a7a99", "size": 85901, "tags": [0, 2, 36], "url": "https://archive.org/download/MAME216RomsOnlyMerged/timber.zip"}, "|games/mame/timeplt.zip": {"hash": "3efb24b7ce6df271697f54ddee5f9077", "size": 105523, "tags": [0, 2, 84], "url": "https://archive.org/download/MAME220RomsOnlyMerged/timeplt.zip"}, "|games/mame/timescan.zip": {"hash": "427dd85a5c56cf7b3736c8ba1dc85a44", "size": 439503, "tags": [0, 2, 95], "url": "https://archive.org/download/mame.0240/timescan.zip"}, "|games/mame/tnk3.zip": {"hash": "9abf70be71f6cd4ddcea7de67f3d5150", "size": 128103, "tags": [0, 2, 85], "url": "https://archive.org/download/mame.0240/tnk3.zip"}, "|games/mame/todruaga.zip": {"hash": "9424b8d111ffb06be106adcd98e5eb20", "size": 72290, "tags": [0, 2, 35], "url": "https://archive.org/download/MAME220RomsOnlyMerged/todruaga.zip"}, "|games/mame/tokio.zip": {"hash": "049a8b84ff09c985f9d06dd68d322072", "size": 445783, "tags": [0, 2, 101], "url": "https://archive.org/download/MAME217RomsOnlyMerged/MAME%200.217%20ROMs%20%28merged%29.zip/tokio.zip"}, "|games/mame/toryumon.zip": {"hash": "5bb09b49334e278513bf851b75ae5fa8", "size": 619055, "tags": [0, 2, 95], "url": "https://archive.org/download/mame.0240/toryumon.zip"}, "|games/mame/tp84.zip": {"hash": "9f390eff118d70f2ca945886bea14703", "size": 108451, "tags": [0, 2, 83], "url": "https://archive.org/download/MAME224RomsOnlyMerged/tp84.zip"}, "|games/mame/trackfld.zip": {"hash": "891b4a708cf052c3c95f2776de395435", "size": 474646, "tags": [0, 2, 127], "url": "https://archive.org/download/mame.0240/trackfld.zip"}, "|games/mame/transfrm.zip": {"hash": "1a292c66d7eeb50e55a9dffce0b66ea8", "size": 90259, "tags": [0, 2, 12], "url": "https://archive.org/download/mame.0240/transfrm.zip"}, "|games/mame/travrusa.zip": {"hash": "aa07fc9674da468cbfda41e7ea923f82", "size": 144765, "tags": [0, 2, 76], "url": "https://archive.org/download/MAME220RomsOnlyMerged/travrusa.zip"}, "|games/mame/tricktrp.zip": {"hash": "5f0d5dec911f741101645c5df5264dcb", "size": 483423, "tags": [0, 2, 128], "url": "https://archive.org/download/mame.0240/tricktrp.zip"}, "|games/mame/trojan.zip": {"hash": "c24b29668a2bf3371914795393046436", "size": 486417, "tags": [0, 2, 129], "url": "https://archive.org/download/MAME217RomsOnlyMerged/MAME%200.217%20ROMs%20%28merged%29.zip/trojan.zip"}, "|games/mame/tron.zip": {"hash": "40cbfaf55b255d5985fb1c4abe724fd6", "size": 176440, "tags": [0, 2, 37], "url": "https://archive.org/download/MAME218RomsOnlyMerged/MAME%200.218%20ROMs%20%28merged%29.zip/tron.zip"}, "|games/mame/truxton.zip": {"hash": "ef86024c65d4bf1c9d3a432cdd497c6a", "size": 578285, "tags": [0, 2, 134], "url": "https://archive.org/download/mame.0229/truxton.zip"}, "|games/mame/tshoot.zip": {"hash": "896baf7cf94972e39c920c527a3f0de1", "size": 75916, "tags": [0, 2, 86], "url": "https://archive.org/download/MAME220RomsOnlyMerged/tshoot.zip"}, "|games/mame/tturf.zip": {"hash": "39f402945b1744fad9e4d0f3a536d07c", "size": 1023426, "tags": [0, 2, 95], "url": "https://archive.org/download/mame.0240/tturf.zip"}, "|games/mame/turbotag.zip": {"hash": "c9b7a23bcffe9c84e58727ef8b212a5a", "size": 81230, "tags": [0, 2, 29], "url": "https://archive.org/download/MAME220RomsOnlyMerged/turbotag.zip"}, "|games/mame/turtles.zip": {"hash": "4cd0cd1558d58e5e765893c9497e9011", "size": 47481, "tags": [0, 2, 7], "url": "https://archive.org/download/MAME209RomsOnlyMerged/turtles.zip"}, "|games/mame/twotiger.zip": {"hash": "793f800acf0adcc92bfb488233f90111", "size": 77234, "tags": [0, 2, 37], "url": "https://archive.org/download/MAME218RomsOnlyMerged/MAME%200.218%20ROMs%20%28merged%29.zip/twotiger.zip"}, "|games/mame/ultratnk.zip": {"hash": "3a416341290882597ed1111eacccd8da", "size": 6369, "tags": [0, 2, 87], "url": "https://archive.org/download/MAME217RomsOnlyMerged/MAME%200.217%20ROMs%20%28merged%29.zip/ultratnk.zip"}, "|games/mame/uniwars.zip": {"hash": "b69cdb1b4c9bb798939f6e1a34b0d7c8", "size": 89808, "tags": [0, 2, 14], "url": "https://archive.org/download/MAME220RomsOnlyMerged/uniwars.zip"}, "|games/mame/unsquad.zip": {"hash": "9b31bc6ae33f2e9be0f06933d7414206", "size": 2707091, "tags": [0, 2, 90], "url": "https://archive.org/download/MAME217RomsOnlyMerged/MAME%200.217%20ROMs%20%28merged%29.zip/unsquad.zip"}, "|games/mame/uopoko.zip": {"hash": "38d957a310759dac880d3a62339a8b02", "size": 3826742, "tags": [0, 2, 32], "url": "https://archive.org/download/mame.0240/uopoko.zip"}, "|games/mame/upndown.zip": {"hash": "6b93cb3200e5a8b09f6a8ca1f37d8e49", "size": 85712, "tags": [0, 2, 4], "url": "https://archive.org/download/MAME216RomsOnlyMerged/upndown.zip"}, "|games/mame/vanvan.zip": {"hash": "a807969b1657bd8266067a922ddb27f3", "size": 35467, "tags": [0, 2, 5], "url": "https://archive.org/download/MAME220RomsOnlyMerged/vanvan.zip"}, "|games/mame/varth.zip": {"hash": "cb51cadfb37f76e9a73234ce3bd9a8f0", "size": 5560581, "tags": [0, 2, 90], "url": "https://archive.org/download/MAME217RomsOnlyMerged/MAME%200.217%20ROMs%20%28merged%29.zip/varth.zip"}, "|games/mame/vball.zip": {"hash": "ccc9ab11d75da7c53e5f64da2f0f6c48", "size": 918972, "tags": [0, 2, 88], "url": "https://archive.org/download/mame.0229/vball.zip"}, "|games/mame/vhunt2.zip": {"hash": "cad869f09371e3f4f1be1d35018961e2", "size": 24527867, "tags": [0, 2, 93], "url": "https://archive.org/download/mame.0229/vhunt2.zip"}, "|games/mame/victoryc.zip": {"hash": "2a9774e2261a9b50bdd67c34bf8fb1a1", "size": 17148, "tags": [0, 2, 14], "url": "https://archive.org/download/MAME220RomsOnlyMerged/victoryc.zip"}, "|games/mame/vigilant.zip": {"hash": "2990d8676cfe0d5a09de0bb4cc19c94e", "size": 998495, "tags": [0, 2, 130], "url": "https://archive.org/download/mame.0240/vigilant.zip"}, "|games/mame/vindctr2.zip": {"hash": "b78eef0bac9c04ba813cb07c73de3e45", "size": 658551, "tags": [0, 2, 50], "url": "https://archive.org/download/mame.0240/vindctr2.zip"}, "|games/mame/vortex.zip": {"hash": "902c389628965580906cfb7ca5c3f9c3", "size": 9947, "tags": [0, 2, 3], "url": "https://archive.org/download/mame.0240/vortex.zip"}, "|games/mame/vsav.zip": {"hash": "a155f7437b74040b59eaac7756fcae4a", "size": 27696865, "tags": [0, 2, 93], "url": "https://archive.org/download/mame.0229/vsav.zip"}, "|games/mame/vsav2.zip": {"hash": "71bfc4546a204b985f6bed2163d5f083", "size": 23795122, "tags": [0, 2, 93], "url": "https://archive.org/download/mame.0229/vsav2.zip"}, "|games/mame/vulgus.zip": {"hash": "f6d3e1b9baca80e35ad48f1db38e6f87", "size": 123532, "tags": [0, 2, 131], "url": "https://archive.org/download/MAME216RomsOnlyMerged/vulgus.zip"}, "|games/mame/wacko.zip": {"hash": "156014e29cdd84046d0c0d149413b4d1", "size": 40532, "tags": [0, 2, 37], "url": "https://archive.org/download/MAME216RomsOnlyMerged/wacko.zip"}, "|games/mame/warofbug.zip": {"hash": "dcc8efe2ed8e3b33e9c8ecc0b79693da", "size": 33142, "tags": [0, 2, 14], "url": "https://archive.org/download/MAME220RomsOnlyMerged/warofbug.zip"}, "|games/mame/wb3.zip": {"hash": "045a9116c9cf7a06631970dc747396ea", "size": 1717872, "tags": [0, 2, 95], "url": "https://archive.org/download/mame.0240/wb3.zip"}, "|games/mame/wboy.zip": {"hash": "7695787dda869635b72508a69e3b284e", "size": 560339, "tags": [0, 2, 4], "url": "https://archive.org/download/MAME217RomsOnlyMerged/MAME%200.217%20ROMs%20%28merged%29.zip/wboy.zip"}, "|games/mame/willow.zip": {"hash": "1d69f9f5dcc2bf3071ee747d31ab92b3", "size": 3047083, "tags": [0, 2, 90], "url": "https://archive.org/download/MAME217RomsOnlyMerged/MAME%200.217%20ROMs%20%28merged%29.zip/willow.zip"}, "|games/mame/wmatch.zip": {"hash": "711b73ed8cf71c4d4dfd6d0dda2835fa", "size": 80892, "tags": [0, 2, 4], "url": "https://archive.org/download/MAME217RomsOnlyMerged/MAME%200.217%20ROMs%20%28merged%29.zip/wmatch.zip"}, "|games/mame/wof.zip": {"hash": "e0e7203b290a6a62d47dc0a7de2aab1b", "size": 14087782, "tags": [0, 2, 102], "url": "https://archive.org/download/MAME217RomsOnlyMerged/MAME%200.217%20ROMs%20%28merged%29.zip/wof.zip"}, "|games/mame/woodpeck.zip": {"hash": "4319ddaf0ed61183e3048a2d8fe90843", "size": 32116, "tags": [0, 2, 5], "url": "https://archive.org/download/MAME220RomsOnlyMerged/woodpeck.zip"}, "|games/mame/wow.zip": {"hash": "039cd2af82cec4c2aa0561767586ac1d", "size": 23269, "tags": [0, 2, 43], "url": "https://archive.org/download/MAME219RomsOnlyMerged/MAME%200.219%20ROMs%20%28merged%29.zip/wow.zip"}, "|games/mame/wrestwar.zip": {"hash": "bfb52f4182f5c39abc325d1f9921d3b5", "size": 1396994, "tags": [0, 2, 95], "url": "https://archive.org/download/mame.0240/wrestwar.zip"}, "|games/mame/xevious.zip": {"hash": "cf231e71c07b5aa47e2fce53ba6797ba", "size": 156499, "tags": [0, 2, 81], "url": "https://archive.org/download/mame.0229/xevious.zip"}, "|games/mame/xmcota.zip": {"hash": "7a36666d679ed9657af88bda85e0ec71", "size": 30748753, "tags": [0, 2, 93], "url": "https://archive.org/download/mame.0229/xmcota.zip"}, "|games/mame/xmvsf.zip": {"hash": "8f7e6d7a87ef16ff7ef503b0f941da7e", "size": 28932764, "tags": [0, 2, 93], "url": "https://archive.org/download/mame.0229/xmvsf.zip"}, "|games/mame/yiear.zip": {"hash": "b1b2de0d705e95e1d026829ba0701bec", "size": 114993, "tags": [0, 2, 132], "url": "https://archive.org/download/mame.0240/yiear.zip"}, "|games/mame/youjyudn.zip": {"hash": "ffba8a6aa4a88a092bfb8d52fbea95a6", "size": 122527, "tags": [0, 2, 54], "url": "https://archive.org/download/MAME221RomsOnlyMerged/youjyudn.zip"}, "|games/mame/zaxxon.zip": {"hash": "28a5d494ae74bc4a13e0034d3fa858d8", "size": 89081, "tags": [0, 2, 47], "url": "https://archive.org/download/mame.0240/zaxxon.zip"}, "|games/mame/zerowing.zip": {"hash": "6d0841a36e097bc8013a000df8691444", "size": 620543, "tags": [0, 2, 134], "url": "https://archive.org/download/mame.0229/zerowing.zip"}, "|games/mame/zigzagb.zip": {"hash": "0c05ffd6cbeb749f5dfb5350fb66372d", "size": 15944, "tags": [0, 2, 89], "url": "https://archive.org/download/MAME220RomsOnlyMerged/zigzagb.zip"}}, "folders": {"|games": {"tags": [2]}, "|games/hbmame": {"tags": [1, 2]}, "|games/mame": {"tags": [0, 2]}}, "tag_dictionary": {"arcadearkanoid": 8, "arcadearmedf": 133, "arcadeasteroids": 11, "arcadeasteroidsdeluxe": 10, "arcadeastrocade": 43, "arcadeataritetris": 82, "arcadeathena": 13, "arcadebagman": 15, "arcadeberzerk": 16, "arcadeblackwidow": 19, "arcadeblockade": 20, "arcadebombjack": 21, "arcadeburgertime": 22, "arcadeburningrubber": 23, "arcadecanyonbomber": 24, "arcadecave": 32, "arcadecentipede": 25, "arcadecosmic": 27, "arcadecrazyballoon": 30, "arcadecrazyclimber": 31, "arcadecrazykong": 17, "arcadedefender": 26, "arcadedigdug": 34, "arcadedominos": 38, "arcadedonkeykong": 39, "arcadedonkeykong3": 40, "arcadedonkeykongjunior": 41, "arcadedottorikun": 42, "arcadedruaga": 35, "arcadefinalizer": 44, "arcadefoodfight": 45, "arcadefrenzy": 46, "arcadegalaga": 48, "arcadegalaxian": 14, "arcadegaplus": 49, "arcadegauntlet": 50, "arcadegyruss": 53, "arcadeiremm62": 54, "arcadeironhorse": 55, "arcadejackal": 56, "arcadejailbreak": 57, "arcadejoust2": 58, "arcadeladybug": 28, "arcadelunarlander": 60, "arcademariobros": 62, "arcademcr1": 59, "arcademcr2": 37, "arcademcr3": 36, "arcademcr3mono": 33, "arcademcr3scroll": 29, "arcademoonpatrol": 63, "arcademrdo": 64, "arcademysticmarathon": 65, "arcadenemesis": 136, "arcadeninjakun": 67, "arcadepacman": 5, "arcadepengo": 68, "arcadepenguinkunwars": 137, "arcadephoenix": 69, "arcadepleiads": 70, "arcadepolyplay": 71, "arcadepooyan": 72, "arcadepopeye": 73, "arcadeqbert": 61, "arcaderallyx": 66, "arcaderiverpatrol": 74, "arcaderobotron": 6, "arcadershnatk": 52, "arcadescootershooter": 75, "arcadescramble": 7, "arcadesegasys1": 4, "arcadesms": 12, "arcadesnk_triplez80": 9, "arcadesolomonskey": 77, "arcadespaceinvaders": 3, "arcadesprint1": 78, "arcadesubs": 79, "arcadesuperbreakout": 80, "arcadetecmo": 51, "arcadeterracresta": 135, "arcadetiamc1": 18, "arcadetimepilot": 84, "arcadetimepilot84": 83, "arcadetnkiii": 85, "arcadetoaplan1": 134, "arcadetraverseusa": 76, "arcadeturkeyshoot": 86, "arcadeultratank": 87, "arcadevball": 88, "arcadexevious": 81, "arcadezaxxon": 47, "arcadezigzag": 89, "games": 2, "hbmame": 1, "jt1942": 91, "jt1943": 92, "jtbiocom": 97, "jtbtiger": 98, "jtbubl": 101, "jtcommando": 104, "jtcomsc": 103, "jtcontra": 105, "jtcop": 112, "jtcps1": 90, "jtcps15": 102, "jtcps2": 93, "jtdd2": 106, "jtexed": 107, "jtf1dream": 108, "jtflane": 109, "jtgng": 110, "jtgunsmoke": 111, "jthige": 120, "jtkicker": 114, "jtlabrun": 128, "jtmidres": 117, "jtmikie": 118, "jtmx5k": 119, "jtninja": 96, "jtpang": 99, "jtpinpon": 115, "jtrastan": 121, "jtroadf": 113, "jtrumble": 125, "jts16": 94, "jts16b": 95, "jtsarms": 122, "jtsbask1": 124, "jtsectionz": 116, "jtsf": 123, "jtslyspy": 100, "jttora": 126, "jttrack": 127, "jttrojan": 129, "jtvigil": 130, "jtvulgus": 131, "jtyiear": 132, "mame": 0}, "timestamp": 0}